Name,PID,Smiles,Details,Condition,Reference,Year,He,H2,O2,N2,CO2,CH4,log10_He,log10_H2,log10_O2,log10_N2,log10_CO2,log10_CH4
Ethyl cellulose,,C1(C(C(C(C(O*)O1)OCC)OCC)*)OCC,Cellulosic Polymers,,http://dx.doi.org/10.1021/ma060601w,2006,53,76,18,5,110,12,1.72427587,1.880813592,1.255272505,0.698970004,2.041392685,1.079181246
Ethyl Cellulose 1 (49 wt% ethoxy),,C1(C(C(C(C(O*)O1)OCC)OCC)*)OCC,Cellulosic Polymers,,http://www.sciencedirect.com/science/article/pii/S0376738808000227,2008,47,68,15,4.3,91,9.2,1.672097858,1.832508913,1.176091259,0.633468456,1.959041392,0.963787827
Ethyl Cellulose 2 (45.6 wt% ethoxy),,C1(C(C(C(C(O*)O1)OCC)OCC)*)OCC,Cellulosic Polymers,,http://www.sciencedirect.com/science/article/pii/S0376738808000227,2008,41,59,13,3.5,80,7.5,1.612783857,1.770852012,1.113943352,0.544068044,1.903089987,0.875061263
Cellulose acetate 3 (36.7 wt% acetyl),,C1(C(C(C(C(O*)O1)OC(C)=O)OC(C)=O)*)OC(C)=O,Cellulosic Polymers,,http://www.sciencedirect.com/science/article/pii/S0376738808000227,2008,15,12,0.67,0.14,4.6,0.15,1.176091259,1.079181246,-0.173925197,-0.853871964,0.662757832,-0.823908741
Cellulose acetate 4 (26.9 wt% acetyl),,C1(C(C(C(C(O*)O1)OC(C)=O)OC(C)=O)*)OC(C)=O,Cellulosic Polymers,,http://www.sciencedirect.com/science/article/pii/S0376738808000227,2008,8.4,5.7,0.28,0.044,1.7,0.045,0.924279286,0.755874856,-0.552841969,-1.356547324,0.230448921,-1.346787486
Poly(phenylene vinylene) 3b,,C1(=CC(=CC=C1C=C*)*)[Si](CC)(CC)CC,Conjugated Polymers (excl. subst. acetylenes/propynes),,http://dx.doi.org/10.1002/app.32135,2010,,,6.6,1.8,24,,,,0.819543936,0.255272505,1.380211242,
Poly(phenylene vinylene) 3c,,C1(=CC(=CC=C1C=C*)*)[Si](C)(C)C(C)(C)C,Conjugated Polymers (excl. subst. acetylenes/propynes),,http://dx.doi.org/10.1002/app.32135,2010,,,6.5,1.5,26,,,,0.812913357,0.176091259,1.414973348,
Poly(phenylene vinylene) 3d,,C1(=CC(=CC=C1C=C*)*)[Si](C)(C)CCCC,Conjugated Polymers (excl. subst. acetylenes/propynes),,http://dx.doi.org/10.1002/app.32135,2010,,,3.5,1.1,14,,,,0.544068044,0.041392685,1.146128036,
Poly(phenylene vinylene) 3e,,C1(=CC(=CC=C1C=C*)*)[Si](C)(C)CCCCCCCC,Conjugated Polymers (excl. subst. acetylenes/propynes),,http://dx.doi.org/10.1002/app.32135,2010,,,12,3.9,60,,,,1.079181246,0.591064607,1.77815125,
Poly(phenylene vinylene) 3f,,C1(=CC(=CC=C1C=C*)*)[Si](C)(C)CCCCCCCCCCCCCCCCCCC,Conjugated Polymers (excl. subst. acetylenes/propynes),,http://dx.doi.org/10.1002/app.32135,2010,,,12,4.5,61,,,,1.079181246,0.653212514,1.785329835,
Cis-polypentenamer,,*CCCC=C*,Hydrocarbon Elastomers,,http://www.sciencedirect.com/science/article/pii/S0011916406005340,2006,240,415,310,100,2000,430,2.380211242,2.618048097,2.491361694,2,3.301029996,2.633468456
,,,,,,,,,,,,,,,,,,
,,,,,,,,,,,,,,,,,,
,,,,,,,,,,,,,,,,,,
,,,,,,,,,,,,,,,,,,
,,,,,,,,,,,,,,,,,,
,,,,,,,,,,,,,,,,,,
,,,,,,,,,,,,,,,,,,
,,,,,,,,,,,,,,,,,,
,,,,,,,,,,,,,,,,,,
Poly-p-xylylene,,C1=CC(=CC=C1C*)C*,Parylenes,,http://hiscale.ftecs.com/chapter 4/absorberfoil-data.html,2009,2.5,3.2,0.24,0.047,1.3,,0.397940009,0.505149978,-0.619788758,-1.327902142,0.113943352,
Poly(chloro-p-xylylene),,C1(=CC(=CC=C1C*)C*)Cl,Parylenes,,http://hiscale.ftecs.com/chapter 4/absorberfoil-data.html,2009,0.99,0.66,0.03,0.0056,0.046,,-0.004364805,-0.180456064,-1.522878745,-2.251811973,-1.337242168,
,,,,,,,,,,,,,,,,,,
,,,,,,,,,,,,,,,,,,
,,,,,,,,,,,,,,,,,,
"Nylon 6,6",,C(CCCCNC(=O)CCCCC(=O)N*)*,Polyamides and poly(amide-imides),,http://dx.doi.org/10.1002/polb.21208,2007,,,0.034,,0.17,,,,-1.468521083,,-0.769551079,
,,,,,,,,,,,,,,,,,,
Torlon 4000T,,C1(C2=C(C(N1*)=O)C=CC(=C2)C(NC3=CC=C(C=C3)OC4=CC=C(C=C4)N5C(C6=C(C5=O)C=CC(=C6)C(NC7=CC=C(C=C7)*)=O)=O)=O)=O,Polyamides and poly(amide-imides),,http://www.sciencedirect.com/science/article/pii/S0376738808010314,2009,5.53,4.44,0.212,0.037,0.83,0.03,0.742725131,0.64738297,-0.673664139,-1.431798276,-0.080921908,-1.522878745
,,,,,,,,,,,,,,,,,,
,,,,,,,,,,,,,,,,,,
,,,,,,,,,,,,,,,,,,
,,,,,,,,,,,,,,,,,,
,,,,,,,,,,,,,,,,,,
,,,,,,,,,,,,,,,,,,
,,,,,,,,,,,,,,,,,,
,,,,,,,,,,,,,,,,,,
Poly(??-caprolactone),,C(CCCCC(O*)=O)*,Polyesters,,http://www.sciencedirect.com/science/article/pii/S0032386110008542,2010,,,0.983,,,,,,-0.007446482,,,
Poly(lactic acid) (L:D 98.7:1.3),PLA,C(C(O*)=O)(C)*,Polyesters,,http://www.sciencedirect.com/science/article/pii/S0376738806005709,2006,,,0.26,0.05,1.1,,,,-0.585026652,-1.301029996,0.041392685,
Poly(lactic acid) (L:D 80:20),PLA,C(C(O*)=O)(C)*,Polyesters,,http://www.sciencedirect.com/science/article/pii/S0376738806005709,2006,,,0.18,0.02,0.51,,,,-0.744727495,-1.698970004,-0.292429824,
Poly(lactic acid) (L:D 50:50),PLA,C(C(O*)=O)(C)*,Polyesters,,http://www.sciencedirect.com/science/article/pii/S0376738806005709,2006,,,0.17,0.03,0.71,,,,-0.769551079,-1.522878745,-0.148741651,
Poly(lactic acid) extruded film,PLA,C(C(O*)=O)(C)*,Polyesters,,http://dx.doi.org/10.1002/pi.2793,2010,,,0.258,,,,,,-0.588380294,,,
Poly(lactic acid) quenched film,PLA,C(C(O*)=O)(C)*,Polyesters,,http://dx.doi.org/10.1002/pi.2793,2010,,,0.333,,,,,,-0.477555766,,,
Poly(lactic acid) PLA Biophan,PLA,C(C(O*)=O)(C)*,Polyesters,,http://dx.doi.org/10.1002/pi.2793,2010,,,0.281,,,,,,-0.55129368,,,
,,,,,,,,,,,,,,,,,,
,,,,,,,,,,,,,,,,,,
,,,,,,,,,,,,,,,,,,
,,,,,,,,,,,,,,,,,,
,,,,,,,,,,,,,,,,,,
,,,,,,,,,,,,,,,,,,
,,,,,,,,,,,,,,,,,,
,,,,,,,,,,,,,,,,,,
,,,,,,,,,,,,,,,,,,
,,,,,,,,,,,,,,,,,,
,,,,,,,,,,,,,,,,,,
Polyetherimide,PEI-II (main chain phthalimidine),C1=C(C=CC(=C1)C2=CC=C(C(=C2)C(F)(F)F)OC3=CC=C(C=C3)C%12(C4=CC=C(C=C4)OC5=C(C=C(C=C5)C6=CC=C(C=C6)N7C(C8=C(C7=O)C=CC(=C8)C(C9=CC=C%10C(=C9)C(N(C%10=O)*)=O)(C(F)(F)F)C(F)(F)F)=O)C(F)(F)F)C%11=C(C=CC=C%11)C(N%12C%13=CC=CC=C%13)=O)*,Polyimides and Polypyrrolones,,http://www.sciencedirect.com/science/article/pii/S0376738809009077,2010,,,10.23,1.71,53.85,1.01,,,1.009875634,0.23299611,1.731185708,0.004321374
Polyetherimide,PEI-III (main chain phthalimidine),C1=C(C=CC(=C1)C2=CC=C(C(=C2)C(F)(F)F)OC3=CC=C(C=C3)C%12(C4=CC=C(C=C4)OC5=C(C=C(C=C5)C6=CC=C(C=C6)N7C(C8=C(C7=O)C=CC(=C8)C(C9=CC=C%10C(=C9)C(N(C%10=O)*)=O)=O)=O)C(F)(F)F)C%11=C(C=CC=C%11)C(N%12C%13=CC=CC=C%13)=O)*,Polyimides and Polypyrrolones,,http://www.sciencedirect.com/science/article/pii/S0376738809009077,2010,,,4.33,0.83,17.09,0.62,,,0.636487896,-0.080921908,1.232742063,-0.207608311
Polyetherimide,PEI-IV (main chain phthalimidine),C1=C(C=CC(=C1)C2=CC=C(C(=C2)C(F)(F)F)OC3=CC=C(C=C3)C%12(C4=CC=C(C=C4)OC5=C(C=C(C=C5)C6=CC=C(C=C6)N7C(C8=C(C7=O)C=CC(=C8)OC9=CC=C%10C(=C9)C(N(C%10=O)*)=O)=O)C(F)(F)F)C%11=C(C=CC=C%11)C(N%12C%13=CC=CC=C%13)=O)*,Polyimides and Polypyrrolones,,http://www.sciencedirect.com/science/article/pii/S0376738809009077,2010,,,4.22,0.96,14.59,0.84,,,0.625312451,-0.017728767,1.164055292,-0.075720714
Polyetherimide,PEI-V (main chain phthalimidine),C1=C(C=CC(=C1)C2=CC=C(C(=C2)C(F)(F)F)OC3=CC=C(C=C3)C%11(C4=CC=C(C=C4)OC5=C(C=C(C=C5)C6=CC=C(C=C6)N7C(C8=C(C7=O)C=C9C(=C8)C(N(C9=O)*)=O)=O)C(F)(F)F)C%10=C(C=CC=C%10)C(N%11C%12=CC=CC=C%12)=O)*,Polyimides and Polypyrrolones,,http://www.sciencedirect.com/science/article/pii/S0376738809009077,2010,,,7.62,1.2,39.57,0.79,,,0.881954971,0.079181246,1.59736605,-0.102372909
,,,,,,,,,,,,,,,,,,
,,,,,,,,,,,,,,,,,,
,,,,,,,,,,,,,,,,,,
,,,,,,,,,,,,,,,,,,
,,,,,,,,,,,,,,,,,,
,,,,,,,,,,,,,,,,,,
,,,,,,,,,,,,,,,,,,
,,,,,,,,,,,,,,,,,,
,,,,,,,,,,,,,,,,,,
,,,,,,,,,,,,,,,,,,
,,,,,,,,,,,,,,,,,,
,,,,,,,,,,,,,,,,,,
,,,,,,,,,,,,,,,,,,
,,,,,,,,,,,,,,,,,,
,,,,,,,,,,,,,,,,,,
,,,,,,,,,,,,,,,,,,
,,,,,,,,,,,,,,,,,,
,,,,,,,,,,,,,,,,,,
,,,,,,,,,,,,,,,,,,
,,,,,,,,,,,,,,,,,,
,,,,,,,,,,,,,,,,,,
,,,,,,,,,,,,,,,,,,
,,,,,,,,,,,,,,,,,,
,,,,,,,,,,,,,,,,,,
,,,,,,,,,,,,,,,,,,
,,,,,,,,,,,,,,,,,,
Polyetherimide,PEI-I,C1=C(C=CC2=C1C(=O)N(C2=O)*)C(C3=CC4=C(C=C3)C(=O)N(C4=O)C5=CC=C(C=C5)OC6=CC=C(C=C6C(F)(F)F)C7=CC=C(C=C7)C8=CC=C(C=C8)C9=CC(=C(C=C9)OC%10=CC=C(C=C%10)*)C(F)(F)F)(C(F)(F)F)C(F)(F)F,Polyimides and Polypyrrolones,,http://www.sciencedirect.com/science/article/pii/S0376738809005365,2009,,,17.08,3.11,36.61,1.51,,,1.232487866,0.492760389,1.563599729,0.178976947
Polyetherimide,PEI-II,C1=C(C=CC2=C1C(=O)N(C2=O)*)C(C3=CC4=C(C=C3)C(=O)N(C4=O)C5=CC=C(C=C5)OC6=CC=C(C=C6C(F)(F)F)C7=CC=C(C=C7)C8=CC(=C(C=C8)OC9=CC=C(C=C9)*)C(F)(F)F)(C(F)(F)F)C(F)(F)F,Polyimides and Polypyrrolones,,http://www.sciencedirect.com/science/article/pii/S0376738809005365,2009,,,15.17,2.87,33.12,1.19,,,1.180985581,0.457881897,1.520090328,0.075546961
Polyetherimide,PEI-III,C1=C(C=CC2=C1C(=O)N(C2=O)*)C(C3=CC4=C(C=C3)C(=O)N(C4=O)C5=CC=C(C=C5)OC6=CC=C(C=C6C(F)(F)F)C7=NC(=CC=C7)C8=CC(=C(C=C8)OC9=CC=C(C=C9)*)C(F)(F)F)(C(F)(F)F)C(F)(F)F,Polyimides and Polypyrrolones,,http://www.sciencedirect.com/science/article/pii/S0376738809005365,2009,,,12.15,1.91,51.92,1.95,,,1.084576278,0.281033367,1.715334684,0.290034611
Polyetherimide,PEI-IV,C1=C(C=CC2=C1C(=O)N(C2=O)*)C(C3=CC4=C(C=C3)C(=O)N(C4=O)C5=CC=C(C=C5)OC6=CC=C(C=C6C(F)(F)F)C9=CC=C(C7=CC(=C(C=C7)OC8=CC=C(C=C8)*)C(F)(F)F)S9)(C(F)(F)F)C(F)(F)F,Polyimides and Polypyrrolones,,http://www.sciencedirect.com/science/article/pii/S0376738809005365,2009,,,11.65,1.78,45.31,1.68,,,1.066325925,0.250420002,1.656194062,0.225309282
Polyetherimide,PEI 8a,C1=C(C=CC2=C1C(=O)N(C2=O)*)OC3=CC=C(C=C3)C(C4=CC=C(C=C4)OC5=CC6=C(C=C5)C(N(C6=O)C7=CC=C(C=C7)C8=CC(=C(C=C8)OC9=CC%10=C(C=C9)C(CC%10%11CC(C%12=C%11C=C(C=C%12)OC%13=CC=C(C=C%13C(F)(F)F)C%14=CC=C(C=C%14)*)(C)C)(C)C)C(F)(F)F)=O)(C)C,Polyimides and Polypyrrolones,,http://www.sciencedirect.com/science/article/pii/S0376738810007350,2010,,,9.92,1.02,23.87,0.35,,,0.996511672,0.008600172,1.377852419,-0.455931956
Polyetherimide,PEI 8b,C1=C(C=CC2=C1C(=O)N(C2=O)*)C(C3=CC4=C(C=C3)C(=O)N(C4=O)C5=CC=C(C=C5)C6=CC(=C(C=C6)OC7=CC8=C(C=C7)C(CC89CC(C%10=C9C=C(C=C%10)OC%11=CC=C(C=C%11C(F)(F)F)C%12=CC=C(C=C%12)*)(C)C)(C)C)C(F)(F)F)(C(F)(F)F)C(F)(F)F,Polyimides and Polypyrrolones,,http://www.sciencedirect.com/science/article/pii/S0376738810007350,2010,,,36.08,3.35,52.98,1.21,,,1.557266529,0.525044807,1.724111954,0.08278537
Polyetherimide,PEI 8d,C1=C(C=CC2=C1C(=O)N(C2=O)*)OC3=CC4=C(C=C3)C(=O)N(C4=O)C5=CC=C(C=C5)C6=CC(=C(C=C6)OC7=CC8=C(C=C7)C(CC89CC(C%10=C9C=C(C=C%10)OC%11=CC=C(C=C%11C(F)(F)F)C%12=CC=C(C=C%12)*)(C)C)(C)C)C(F)(F)F,Polyimides and Polypyrrolones,,http://www.sciencedirect.com/science/article/pii/S0376738810007350,2010,,,13.07,1.12,22.64,0.41,,,1.116275588,0.049218023,1.354876423,-0.387216143
Polymer with Intrinsic Microporosity (spirobisindane-based ladder polymer),PIM-1,C1C(C6=C(C12CC(C3=CC5=C(C=C23)OC4=C(C(=C(C(=C4C#N)*)*)C#N)O5)(C)C)C=C(C(=C6)O*)O*)(C)C,Polymers with High Free Volume,,http://www.sciencedirect.com/science/article/pii/S0376738809001070,2009,1500,3600,1300,340,6500,430,3.176091259,3.556302501,3.113943352,2.531478917,3.812913357,2.633468456
Polymer with Intrinsic Microporosity (spirobisindane-based ladder polymer),PIM-1,C1C(C6=C(C12CC(C3=CC5=C(C=C23)OC4=C(C(=C(C(=C4C#N)*)*)C#N)O5)(C)C)C=C(C(=C6)O*)O*)(C)C,Polymers with High Free Volume,,http://dx.doi.org/10.1021/cm071722t,2008,1060,2332,786,238,3496,360,3.025305865,3.367728546,2.895422546,2.376576957,3.543571424,2.556302501
,,,,,,,,,,,,,,,,,,
,,,,,,,,,,,,,,,,,,
Polymer with Intrinsic Microporosity (spirobisindane-based ladder polymer) at 4bar,PIM-1,C1C(C6=C(C12CC(C3=CC5=C(C=C23)OC4=C(C(=C(C(=C4C#N)*)*)C#N)O5)(C)C)C=C(C(=C6)O*)O*)(C)C,Polymers with High Free Volume,,http://dx.doi.org/10.1016/j.memsci.2013.01.009,2013,1340,2936,969,252,5303,320,3.127104798,3.467756051,2.986323777,2.401400541,3.724521627,2.505149978
Polymer with Intrinsic Microporosity (spirobisindane-based ladder polymer) at 4 bar,PIM-1,C1C(C6=C(C12CC(C3=CC5=C(C=C23)OC4=C(C(=C(C(=C4C#N)*)*)C#N)O5)(C)C)C=C(C(=C6)O*)O*)(C)C,Polymers with High Free Volume,,http://dx.doi.org/10.1016/j.memsci.2013.01.009,2013,1340,2936,969,252,5303,320,3.127104798,3.467756051,2.986323777,2.401400541,3.724521627,2.505149978
Polymer with Intrinsic Microporosity (Polyimide Ethanoanthracene/Dimethylnaphthidine) at 1 bar,PIM-PI-EA (MeOH treated),C1=C%10C(=CC2=C1C3(C4=C(C2(C)CC3)C=C5C(=C4)C(N(C5=O)C6=C(C=C(C7=C6C=CC=C7)C8=C9C(=C(C(=C8)C)*)C=CC=C9)C)=O)C)C(N(C%10=O)*)=O,Polymers with High Free Volume,,http://dx.doi.org/10.1039/C4TA00564C,2014,1580,4230,1380,369,7340,457,3.198657087,3.626340367,3.139879086,2.567026366,3.86569606,2.6599162
Polymer with Intrinsic Microporosity (Polyimide Ethanoanthracene/Dimethylnaphthidine) at 1bar,PIM-PI-EA (aged 273 days),C1=C%10C(=CC2=C1C3(C4=C(C2(C)CC3)C=C5C(=C4)C(N(C5=O)C6=C(C=C(C7=C6C=CC=C7)C8=C9C(=C(C(=C8)C)*)C=CC=C9)C)=O)C)C(N(C%10=O)*)=O,Polymers with High Free Volume,,http://dx.doi.org/10.1039/C4TA00564C,2014,1130,2860,659,131,3230,156,3.053078443,3.456366033,2.818885415,2.117271296,3.509202522,2.193124598
Polymer with Intrinsic Microporosity (Spirobifluorene--based ladder polymer) at 1 bar,PIM-SBF (180 ??m),C1=CC=CC2=C1C8=C(C24C3=CC=CC=C3C5=CC7=C(C=C45)OC6=C(C(=C(C(=C6C#N)O*)O*)C#N)O7)C=C(C(=C8)*)*,Polymers with High Free Volume,,http://dx.doi.org/10.1002/adma.201202393,2012,2200,6320,2640,786,13900,1100,3.342422681,3.800717078,3.421603927,2.895422546,4.1430148,3.041392685
Polymer with Intrinsic Microporosity (Spirobifluorene--based ladder polymer) at 1 bar,PIM-SBF (81 ??m),C1=CC=CC2=C1C8=C(C24C3=CC=CC=C3C5=CC7=C(C=C45)OC6=C(C(=C(C(=C6C#N)O*)O*)C#N)O7)C=C(C(=C8)*)*,Polymers with High Free Volume,,http://dx.doi.org/10.1002/adma.201202393,2012,1840,5240,1950,554,10400,754,3.264817823,3.719331287,3.290034611,2.743509765,4.017033339,2.877371346
Polymer with Intrinsic Microporosity (dimethylethanoanthracene TB) at 1 bar,PIM-EA-TB (181 ??m),C1=C(C(=CC3=C1C4(C2=CC5=C(C=C2C3(CC4)C)CN(*)CN5C*)C)*)*,Polymers with High Free Volume,,http://dx.doi.org/10.1126/science.1228032,2013,2570,7760,2150,525,7140,699,3.409933123,3.889861721,3.33243846,2.720159303,3.853698212,2.844477176
Polymer with Intrinsic Microporosity (dimethylethanoanthracene TB) at 1 bar,PIM-EA-TB (95 ??m),C1=C(C(=CC3=C1C4(C2=CC5=C(C=C2C3(CC4)C)CN(*)CN5C*)C)*)*,Polymers with High Free Volume,,http://dx.doi.org/10.1126/science.1228033,2013,2720,7310,1630,380,5100,572,3.434568904,3.863917377,3.212187604,2.579783597,3.707570176,2.757396029
Polymer with Intrinsic Microporosity (dimethylethanoanthracene TB) at 1 bar,PIM-EA-TB (181 ??m aged 24h),C1=C(C(=CC3=C1C4(C2=CC5=C(C=C2C3(CC4)C)CN(*)CN5C*)C)*)*,Polymers with High Free Volume,,http://dx.doi.org/10.1126/science.1228034,2013,2070,6155,1590,370,4780,502,3.315970345,3.789228057,3.201397124,2.568201724,3.679427897,2.700703717
Polymer with Intrinsic Microporosity (Spirobisindane TB) at 1 bar,PIM-SBI-TB (157 ??m),C1=C(C(=CC2=C1C(CC24C3=CC5=C(C=C3C(C4)(C)C)CN(*)CN5C*)(C)C)*)*,Polymers with High Free Volume,,http://dx.doi.org/10.1126/science.1228035,2013,878,2200,720,232,2900,450,2.943494516,3.342422681,2.857332496,2.365487985,3.462397998,2.653212514
Polymer with Intrinsic Microporosity (Spirobisindane TB) at 1 bar,PIM-SBI-TB (128 ??m),C1=C(C(=CC2=C1C(CC24C3=CC5=C(C=C3C(C4)(C)C)CN(*)CN5C*)(C)C)*)*,Polymers with High Free Volume,,http://dx.doi.org/10.1126/science.1228036,2013,858,2110,657,215,2720,406,2.933487288,3.324282455,2.81756537,2.33243846,3.434568904,2.608526034
Polymer with Intrinsic Microporosity (Hexaphenylbenzene based) at 1 bar,PIM-HPB as cast,C1(=C(C(=C(C(=C1C2=CC4=C(C=C2)OC3=C(C(=C(C(=C3O4)C#N)*)*)C#N)C5=CC=CC=C5)C6=CC=CC=C6)C7=CC(=C(C=C7)O*)O*)C8=CC=CC=C8)C9=CC=CC=C9,Polymers with High Free Volume,,http://dx.doi.org/10.1021/ma501925j,2014,320,671,221,68,1640,124,2.505149978,2.82672252,2.344392274,1.832508913,3.214843848,2.093421685
Polymer with Intrinsic Microporosity (Hexaphenylbenzene based) at 1 bar,PIM-HPB after MeOH,C1(=C(C(=C(C(=C1C2=CC4=C(C=C2)OC3=C(C(=C(C(=C3O4)C#N)*)*)C#N)C5=CC=CC=C5)C6=CC=CC=C6)C7=CC(=C(C=C7)O*)O*)C8=CC=CC=C8)C9=CC=CC=C9,Polymers with High Free Volume,,http://dx.doi.org/10.1021/ma501925j,2014,592,1413,534,190,3800,361,2.772321707,3.150142162,2.727541257,2.278753601,3.579783597,2.557507202
Polymer with Intrinsic Microporosity (Hexaphenylbenzene based) at 1 bar,PIM-HPB aged 145 days,C1(=C(C(=C(C(=C1C2=CC4=C(C=C2)OC3=C(C(=C(C(=C3O4)C#N)*)*)C#N)C5=CC=CC=C5)C6=CC=CC=C6)C7=CC(=C(C=C7)O*)O*)C8=CC=CC=C8)C9=CC=CC=C9,Polymers with High Free Volume,,http://dx.doi.org/10.1021/ma501925j,2014,437,1000,340,107,2390,192,2.640481437,3,2.531478917,2.029383778,3.378397901,2.283301229
Polymer with Intrinsic Microporosity (Hexaphenylbenzene based) at 1 bar,PIM-CH3-HPB as cast,C1(=C(C(=C(C(=C1C2=CC4=C(C=C2)OC3=C(C(=C(C(=C3O4)C#N)*)*)C#N)C5=CC=C(C=C5)C)C6=CC=C(C=C6)C)C7=CC(=C(C=C7)O*)O*)C8=CC=C(C=C8)C)C9=CC=C(C=C9)C,Polymers with High Free Volume,,http://dx.doi.org/10.1021/ma501925j,2014,249,501,154,46,990,82,2.396199347,2.699837726,2.187520721,1.662757832,2.995635195,1.913813852
Polymer with Intrinsic Microporosity (Hexaphenylbenzene based) at 1 bar,PIM-CH3-HPB after MeOH,C1(=C(C(=C(C(=C1C2=CC4=C(C=C2)OC3=C(C(=C(C(=C3O4)C#N)*)*)C#N)C5=CC=C(C=C5)C)C6=CC=C(C=C6)C)C7=CC(=C(C=C7)O*)O*)C8=CC=C(C=C8)C)C9=CC=C(C=C9)C,Polymers with High Free Volume,,http://dx.doi.org/10.1021/ma501925j,2014,578,1220,408,122,2620,230,2.761927838,3.086359831,2.610660163,2.086359831,3.418301291,2.361727836
Polymer with Intrinsic Microporosity (Hexaphenylbenzene based) at 1 bar,PIM-CH3-HPB aged 147 days,C1(=C(C(=C(C(=C1C2=CC4=C(C=C2)OC3=C(C(=C(C(=C3O4)C#N)*)*)C#N)C5=CC=C(C=C5)C)C6=CC=C(C=C6)C)C7=CC(=C(C=C7)O*)O*)C8=CC=C(C=C8)C)C9=CC=C(C=C9)C,Polymers with High Free Volume,,http://dx.doi.org/10.1021/ma501925j,2014,413,856,256,60,1630,132,2.615950052,2.932473765,2.408239965,1.77815125,3.212187604,2.120573931
Polymer with Intrinsic Microporosity (Hexaphenylbenzene based) at 1 bar,PIM-Br-HPB as cast,C1(=C(C(=C(C(=C1C2=CC4=C(C=C2)OC3=C(C(=C(C(=C3O4)C#N)*)*)C#N)C5=CC=C(C=C5)Br)C6=CC=C(C=C6)Br)C7=CC(=C(C=C7)O*)O*)C8=CC=C(C=C8)Br)C9=CC=C(C=C9)Br,Polymers with High Free Volume,,http://dx.doi.org/10.1021/ma501925j,2014,91.4,154,30.4,6.3,189,10.1,1.960946196,2.187520721,1.482873584,0.799340549,2.276461804,1.004321374
Polymer with Intrinsic Microporosity (Hexaphenylbenzene based) at 1 bar,PIM-Br-HPB after MeOH,C1(=C(C(=C(C(=C1C2=CC4=C(C=C2)OC3=C(C(=C(C(=C3O4)C#N)*)*)C#N)C5=CC=C(C=C5)Br)C6=CC=C(C=C6)Br)C7=CC(=C(C=C7)O*)O*)C8=CC=C(C=C8)Br)C9=CC=C(C=C9)Br,Polymers with High Free Volume,,http://dx.doi.org/10.1021/ma501925j,2014,392,930,301,92,2130,177,2.593286067,2.968482949,2.478566496,1.963787827,3.328379603,2.247973266
Polymer with Intrinsic Microporosity (Hexaphenylbenzene based) at 1 bar,PIM-Br-HPB aged 146 days,C1(=C(C(=C(C(=C1C2=CC4=C(C=C2)OC3=C(C(=C(C(=C3O4)C#N)*)*)C#N)C5=CC=C(C=C5)Br)C6=CC=C(C=C6)Br)C7=CC(=C(C=C7)O*)O*)C8=CC=C(C=C8)Br)C9=CC=C(C=C9)Br,Polymers with High Free Volume,,http://dx.doi.org/10.1021/ma501925j,2014,312,694,203,54,1430,102,2.494154594,2.84135947,2.307496038,1.73239376,3.155336037,2.008600172
Polymer with Intrinsic Microporosity (Hexaphenylbenzene based) at 1 bar,PIM-CN-HPB as cast,C1(=C(C(=C(C(=C1C2=CC4=C(C=C2)OC3=C(C(=C(C(=C3O4)C#N)*)*)C#N)C5=CC=C(C=C5)C#N)C6=CC=C(C=C6)C#N)C7=CC(=C(C=C7)O*)O*)C8=CC=C(C=C8)C#N)C9=CC=C(C=C9)C#N,Polymers with High Free Volume,,http://dx.doi.org/10.1021/ma501925j,2014,113,181,37.3,7.8,228,12.8,2.053078443,2.257678575,1.571708832,0.892094603,2.357934847,1.10720997
Polymer with Intrinsic Microporosity (Hexaphenylbenzene based) at 1 bar,PIM-CN-HPB after MeOH,C1(=C(C(=C(C(=C1C2=CC4=C(C=C2)OC3=C(C(=C(C(=C3O4)C#N)*)*)C#N)C5=CC=C(C=C5)C#N)C6=CC=C(C=C6)C#N)C7=CC(=C(C=C7)O*)O*)C8=CC=C(C=C8)C#N)C9=CC=C(C=C9)C#N,Polymers with High Free Volume,,http://dx.doi.org/10.1021/ma501925j,2014,541,1200,386,123,2390,212,2.733197265,3.079181246,2.586587305,2.089905111,3.378397901,2.326335861
Polymer with Intrinsic Microporosity (Hexaphenylbenzene based) at 1 bar,PIM-CN-HPB aged 147 days,C1(=C(C(=C(C(=C1C2=CC4=C(C=C2)OC3=C(C(=C(C(=C3O4)C#N)*)*)C#N)C5=CC=C(C=C5)C#N)C6=CC=C(C=C6)C#N)C7=CC(=C(C=C7)O*)O*)C8=CC=C(C=C8)C#N)C9=CC=C(C=C9)C#N,Polymers with High Free Volume,,http://dx.doi.org/10.1021/ma501925j,2014,361,734,205,52,1300,93,2.557507202,2.86569606,2.311753861,1.716003344,3.113943352,1.968482949
Polymer with Intrinsic Microporosity (adamantyl-based cardo- TB polymer) at 1 bar,TB-Ad-Me as cast,C1=C(C(=C(C=C1C4(C2=CC(=C3C(=C2)CN(CN3C*)*)C)C5CC6CC4CC(C5)C6)C)*)*,Polymers with High Free Volume,,http://dx.doi.org/10.1039/c4py00607k,2014,,161.4,40.2,11.24,200.5,18.7,,2.20790353,1.604226053,1.050766311,2.302114377,1.271841607
Polymer with Intrinsic Microporosity (adamantyl-based cardo- TB polymer) at 1 bar,TB-Ad-Me after MeOH,C1=C(C(=C(C=C1C4(C2=CC(=C3C(=C2)CN(CN3C*)*)C)C5CC6CC4CC(C5)C6)C)*)*,Polymers with High Free Volume,,http://dx.doi.org/10.1039/c4py00607k,2014,,1800,437,121,1820,162,,3.255272505,2.640481437,2.08278537,3.260071388,2.209515015
Polymer with Intrinsic Microporosity (adamantyl-based cardo- TB polymer) at 1 bar,TB-Ad-Me after ageing (6 months),C1=C(C(=C(C=C1C4(C2=CC(=C3C(=C2)CN(CN3C*)*)C)C5CC6CC4CC(C5)C6)C)*)*,Polymers with High Free Volume,,http://dx.doi.org/10.1039/c4py00607k,2014,,745,145,33,635,41,,2.872156273,2.161368002,1.51851394,2.802773725,1.612783857
Polymer with Intrinsic Microporosity (bis(phenazyl) spirobisindane-based ladder polymer) at 200-300 mbar,PIM-7,C1=C(C(=CC2=C1N=C3C(=N2)C=C4C(=C3)C(CC45CC(C6=C5C=C7C(=C6)N=C8C(=N7)C=C%13C(=C8)OC9=C(C=C%10C(=C9)C(CC%10%12C%11=C(C=C(C(=C%11)O*)O*)C(C%12)(C)C)(C)C)O%13)(C)C)(C)C)*)*,Polymers with High Free Volume,,http://dx.doi.org/10.1021/ma071846r,2008,440,860,190,42,1100,62,2.643452676,2.934498451,2.278753601,1.62324929,3.041392685,1.792391689
Polymer with Intrinsic Microporosity (cardo-ethanoanthracen-based ladder polymer) at at 200-300 mbar,Cardo-PIM-1,C1=C(C(=CC2=C1N=C3C(=N2)C=C4C(=C3)C(CC45CC(C6=C5C=C7C(=C6)N=C8C(=N7)C=C%14C(=C8)OC9=C(C=C(C=C9)C%12(C%10=CC=C(C(=C%10)O*)O*)C%11=C(C=CC=C%11)C%13=CC=CC=C%12%13)O%14)(C)C)(C)C)*)*,Polymers with High Free Volume,,http://dx.doi.org/10.1021/ma071846r,2008,170,320,59,13,430,22,2.230448921,2.505149978,1.770852012,1.113943352,2.633468456,1.342422681
Polymer with Intrinsic Microporosity (triptycene TB) at 1 bar,PIM-Trip-TB methanol treated,C1=C(C(=CC3=C1C4C2=CC6=C(C=C2C3C5=C4C=CC=C5)CN(*)CN6C*)*)*,Polymers with High Free Volume,,http://dx.doi.org/10.1002/adma.201305783,2014,2500,8039,2718,629,9709,905,3.397940009,3.905202029,3.434249452,2.798650645,3.987174501,2.956648579
Polymer with Intrinsic Microporosity (triptycene TB) at 1 bar,PIM-Trip-TB aged 100 days,C1=C(C(=CC3=C1C4C2=CC6=C(C=C2C3C5=C4C=CC=C5)CN(*)CN6C*)*)*,Polymers with High Free Volume,,http://dx.doi.org/10.1002/adma.201305784,2014,1585,4740,1073,189,3951,218,3.200029267,3.675778342,3.030599722,2.276461804,3.59670703,2.338456494
Polymer with Intrinsic Microporosity (spirochromane-based ladder polymer),PIM-CO15(quinoline),C1(=C(C(=C(C6=C1OC2=C(C=C5C(=C2)C(CC4(CC(C3=C(C=C(C(=C3)O*)O*)O4)(C)C)O5)(C)C)O6)C#N)*)*)C#N,Polymers with High Free Volume,,http://dx.doi.org/10.1002/macp.201100089,2011,330,600,150,40,1070,56,2.51851394,2.77815125,2.176091259,1.602059991,3.029383778,1.748188027
Polymer with Intrinsic Microporosity (spirochromane-based ladder polymer),PIM-CO15(dichlorobenzene),C1(=C(C(=C(C6=C1OC2=C(C=C5C(=C2)C(CC4(CC(C3=C(C=C(C(=C3)O*)O*)O4)(C)C)O5)(C)C)O6)C#N)*)*)C#N,Polymers with High Free Volume,,http://dx.doi.org/10.1002/macp.201100090,2011,450,900,275,83,2000,130,2.653212514,2.954242509,2.439332694,1.919078092,3.301029996,2.113943352
,,,,,,,,,,,,,,,,,,
,,,,,,,,,,,,,,,,,,
,,,,,,,,,,,,,,,,,,
,,,,,,,,,,,,,,,,,,
,,,,,,,,,,,,,,,,,,
,,,,,,,,,,,,,,,,,,
Polymer with Intrinsic Microporosity (spirobisindane-based ladder polymer),PIM-CO19 (CHCl3),C1(=C(C(=C(C6=C1OC2=C(C=C3C(=C2)C(C(C34CC(C5=C4C=C(C(=C5)O*)O*)(C)CC)C)(C)CC)O6)C#N)*)*)C#N,Polymers with High Free Volume,,http://dx.doi.org/10.1002/macp.201100097,2011,880,2100,820,320,6100,580,2.944482672,3.322219295,2.913813852,2.505149978,3.785329835,2.763427994
Polymer with Intrinsic Microporosity (Polyimide Spirobisindane/tetramethylphenylene) at 200?????500 mbar,PIM-PI-1,C1=C7C(=CC6=C1OC2=C(C=C3C(=C2)C(CC34CC(C5=C4C=C(C(=C5)O*)O*)(C)C)(C)C)O6)C(=O)N(C7=O)C8=C(C(=C(C(=C8C)C)N9C(C%10=C(C9=O)C=C(C(=C%10)*)*)=O)C)C,Polymers with High Free Volume,,http://dx.doi.org/10.1002/adma.200702400,2008,260,530,150,47,1100,77,2.414973348,2.72427587,2.176091259,1.672097858,3.041392685,1.886490725
Polymer with Intrinsic Microporosity (Polyimide Spirobisindane/hexafluoroisopropylidene) at 200?????500 mbar,PIM-PI-3,C1=C7C(=CC6=C1OC2=C(C=C3C(=C2)C(CC34CC(C5=C4C=C(C(=C5)O*)O*)(C)C)(C)C)O6)C(=O)N(C7=O)C8=CC=C(C=C8)C(C9=CC=C(C=C9)N%10C(C%11=C(C%10=O)C=C(C(=C%11)*)*)=O)(C(F)(F)F)C(F)(F)F,Polymers with High Free Volume,,http://dx.doi.org/10.1002/adma.200702400,2008,190,360,85,23,520,27,2.278753601,2.556302501,1.929418926,1.361727836,2.716003344,1.431363764
Polymer with Intrinsic Microporosity (Polyimide Spirobisindane/dimethylnaphthidine) at 200?????500 mbar,PIM-PI-8,C1=C7C(=CC6=C1OC2=C(C=C3C(=C2)C(CC34CC(C5=C4C=C(C(=C5)O*)O*)(C)C)(C)C)O6)C(=O)N(C7=O)C8=C%13C(=C(C=C8C)C9=CC(=C(C%10=C9C=CC=C%10)N%11C(C%12=C(C%11=O)C=C(C(=C%12)*)*)=O)C)C=CC=C%13,Polymers with High Free Volume,,http://dx.doi.org/10.1002/adma.200702400,2008,660,1600,545,160,3700,260,2.819543936,3.204119983,2.736396502,2.204119983,3.568201724,2.414973348
Polymer with Intrinsic Microporosity (Polyimide Spirobisindane/hexafluoroisopropylidene) at 200?????300 mbar,PIM-PI-2,C1=C%12C(=CC%11=C1OC2=C(C=C3C(=C2)C(CC34CC(C5=CC%10=C(C=C45)OC6=C(C=C7C(=C6)C(N(C7=O)C8=C(C=CC(=C8)C(C9=CC(=C(C=C9)C)*)(C(F)(F)F)C(F)(F)F)C)=O)O%10)(C)C)(C)C)O%11)C(N(C%12=O)*)=O,Polymers with High Free Volume,,http://dx.doi.org/10.1021/ma901430q,2009,160,220,39,9,210,9,2.204119983,2.342422681,1.591064607,0.954242509,2.322219295,0.954242509
Polymer with Intrinsic Microporosity (Polyimide Spirobisindane/bis-trifluoromethyl-biphenyl) at 200?????300 mbar,PIM-PI-4,C1=C%12C(=CC%11=C1OC2=C(C=C3C(=C2)C(CC34CC(C5=CC%10=C(C=C45)OC6=C(C=C7C(=C6)C(N(C7=O)C8=CC(=C(C=C8)C9=CC=C(C=C9C(F)(F)F)*)C(F)(F)F)=O)O%10)(C)C)(C)C)O%11)C(N(C%12=O)*)=O,Polymers with High Free Volume,,http://dx.doi.org/10.1021/ma901430q,2009,205,300,64,16,420,20,2.311753861,2.477121255,1.806179974,1.204119983,2.62324929,1.301029996
Polymer with Intrinsic Microporosity (Polyimide Spirobisindane/naphthalene) at 200?????300 mbar,PIM-PI-7,C1=C%12C(=CC%11=C1OC2=C(C=C3C(=C2)C(CC34CC(C5=CC%10=C(C=C45)OC6=C(C=C7C(=C6)C(N(C7=O)C8=CC=CC9=C8C=CC=C9*)=O)O%10)(C)C)(C)C)O%11)C(N(C%12=O)*)=O,Polymers with High Free Volume,,http://dx.doi.org/10.1021/ma901430q,2009,190,350,77,19,510,27,2.278753601,2.544068044,1.886490725,1.278753601,2.707570176,1.431363764
Polymer with Intrinsic Microporosity (Polyimide Spirobisindane/tetramethylphenylenediamine) at 1 bar,PIM-PI-9 as cast,C12=C(C(N(C1=O)*)=O)C=C3C(=C2)C(CC36CC(C7=CC4=C(C(N(C4=O)C5=C(C(=C(C(=C5C)C)*)C)C)=O)C=C67)(C)C)(C)C,Polymers with High Free Volume,,http://dx.doi.org/10.1039/c3py00451a,2013,400,840,295,94,2180,170,2.602059991,2.924279286,2.469822016,1.973127854,3.338456494,2.230448921
Polymer with Intrinsic Microporosity (Polyimide Spirobisindane/tetramethylphenylenediamine) at 1 bar,PIM-PI-9 MeOH,C12=C(C(N(C1=O)*)=O)C=C3C(=C2)C(CC36CC(C7=CC4=C(C(N(C4=O)C5=C(C(=C(C(=C5C)C)*)C)C)=O)C=C67)(C)C)(C)C,Polymers with High Free Volume,,http://dx.doi.org/10.1039/c3py00451a,2013,1160,2990,1150,420,5700,610,3.064457989,3.475671188,3.06069784,2.62324929,3.755874856,2.785329835
Polymer with Intrinsic Microporosity (Polyimide Spirobisindane/dimethylnaphthidine) at 1 bar,PIM-PI-10 as cast,C12=C(C(N(C1=O)*)=O)C=C3C(=C2)C(CC39CC(C%10=CC4=C(C(N(C4=O)C5=C8C(=C(C=C5C)C6=CC(=C(C7=C6C=CC=C7)*)C)C=CC=C8)=O)C=C9%10)(C)C)(C)C,Polymers with High Free Volume,,http://dx.doi.org/10.1039/c3py00451a,2013,300,670,270,84,2154,168,2.477121255,2.826074803,2.431363764,1.924279286,3.333245699,2.225309282
Polymer with Intrinsic Microporosity (Polyimide Spirobisindane/dimethylnaphthidine) at 1 bar,PIM-PI-10 MeOH,C12=C(C(N(C1=O)*)=O)C=C3C(=C2)C(CC39CC(C%10=CC4=C(C(N(C4=O)C5=C8C(=C(C=C5C)C6=CC(=C(C7=C6C=CC=C7)*)C)C=CC=C8)=O)C=C9%10)(C)C)(C)C,Polymers with High Free Volume,,http://dx.doi.org/10.1039/c3py00451a,2013,950,2560,1010,340,5910,550,2.977723605,3.408239965,3.004321374,2.531478917,3.771587481,2.740362689
Polymer with Intrinsic Microporosity (Polyimide Spirobisindane/Spirobisindan) at 1 bar,PIM-PI-11 as cast,C12=C(C(N(C1=O)*)=O)C=C3C(=C2)C(CC39CC(C%10=CC4=C(C(N(C4=O)C5=CC6=C(C=C5)C(CC67CC(C8=CC=C(C=C78)*)(C)C)(C)C)=O)C=C9%10)(C)C)(C)C,Polymers with High Free Volume,,http://dx.doi.org/10.1039/c3py00451a,2013,332,624,208,65,1523,129,2.521138084,2.79518459,2.318063335,1.812913357,3.182699903,2.11058971
Triptycene-based Polymer with Intrinsic Microporosity,TPIM-1,C1=C(C(=CC3=C1C4(C2=CC8=C(C=C2C3(C5=C4C=CC=C5)C(C)C)OC6=C(C=C7C(=C6)N=C(C(=N7)[*])[*])O8)C(C)C)[*])[*],Polymers with High Free Volume,,http://pubs.acs.org/doi/abs/10.1021/acsmacrolett.5b00512,2015,,1105,61,7.09,,7.27,,3.043362278,1.785329835,0.850646235,,0.861534411
KAUST Polymer with Intrinsic Microporosity,KAUST-PI-1,C1=C(C(=CC3=C1C4(C2=CC%11=C(C=C2C3(C5=C4C=CC=C5)C(C)C)OC6=C(C=C7C(=C6)C(=O)N(C7=O)C8=C(C(=C(C(=C8C)C)N9C(C%10=C(C9=O)C=C(C(=C%10)O*)O*)=O)C)C)O%11)C(C)C)*)*,Polymers with High Free Volume,,http://pubs.acs.org/doi/abs/10.1021/acsmacrolett.5b00512,2015,,3431,542,87.42,,83.68,,3.535420718,2.733999287,1.941610802,,1.922621672
Triptycene and Troger's base - Polymer with Intrinsic Microporosity,PIM-TRIP-TB,C1=C(C(=CC3=C1C4C2=CC6=C(C=C2C3C5=C4C=CC=C5)CN(*)CN6C*)*)*,Polymers with High Free Volume,,http://pubs.acs.org/doi/abs/10.1021/acsmacrolett.5b00512,2015,,4740,1073,188.25,,215.45,,3.675778342,3.030599722,2.274734985,,2.333346498
Ethanoanthracene and Troger's base - Polymer with Intrinsic Microporosity,PIM-EA-TB,C1=C(C(=CC3=C1C4(C2=CC5=C(C=C2C3(CC4)C)CN(*)CN5C*)C)*)*,Polymers with High Free Volume,,http://pubs.acs.org/doi/abs/10.1021/acsmacrolett.5b00512,2015,,4442,933,186.6,,222.1,,3.647578554,2.969881644,2.270911639,,2.346548559
"TDA1-APAFa, fresh. Triptycene dimethyl-bridgehead dianhydride-based intrinsically microporous hydroxyl-functionalized polyimide",TDA1-APAFa,C1(C2=C(C(=O)N1*)C=C3C(=C2)C4(C6=C(C3(C)C5=CC=CC=C45)C=C7C(=C6)C(=O)N(C7=O)C8=C(C=CC(=C8)C(C9=CC=C(C(=C9)*)O)(C(F)(F)F)C(F)(F)F)O)C)=O,Polymers with High Free Volume,,http://dx.doi.org/10.1016/j.memsci.2016.07.058,2016,92,94,8.5,1.5,40,0.73,1.963787827,1.973127854,0.929418926,0.176091259,1.602059991,-0.13667714
"TDA1-APAFb, aged after 250 days. Triptycene dimethyl-bridgehead dianhydride-based intrinsically microporous hydroxyl-functionalized polyimide",TDA1-APAFb,C1(C2=C(C(=O)N1*)C=C3C(=C2)C4(C6=C(C3(C)C5=CC=CC=C45)C=C7C(=C6)C(=O)N(C7=O)C8=C(C=CC(=C8)C(C9=CC=C(C(=C9)*)O)(C(F)(F)F)C(F)(F)F)O)C)=O,Polymers with High Free Volume,,http://dx.doi.org/10.1016/j.memsci.2016.07.058,2016,70,73,6.4,0.9,30,0.4,1.84509804,1.86332286,0.806179974,-0.045757491,1.477121255,-0.397940009
"TDA1-DMN, fresh",TDA1-DMN,C1(C2=C(C(=O)N1*)C=C3C(=C2)C4(C6=C(C3(C)C5=CC=CC=C45)C=C7C(=C6)C(=O)N(C7=O)C8=C%11C(=C(C=C8C)C9=C%10C(=C(C(=C9)C)*)C=CC=C%10)C=CC=C%11)C)=O,Polymers with High Free Volume,,http://dx.doi.org/10.1016/j.polymer.2016.08.075,2016,1182,3050,783,182,3700,216,3.072617477,3.484299839,2.893761762,2.260071388,3.568201724,2.334453751
"TDA1-DMN, aged 250 days",TDA1-DMN,C1(C2=C(C(=O)N1*)C=C3C(=C2)C4(C6=C(C3(C)C5=CC=CC=C45)C=C7C(=C6)C(=O)N(C7=O)C8=C%11C(=C(C=C8C)C9=C%10C(=C(C(=C9)C)*)C=CC=C%10)C=CC=C%11)C)=O,Polymers with High Free Volume,,http://dx.doi.org/10.1016/j.polymer.2016.08.075,2016,903,2430,609,134,3000,158,2.95568775,3.385606274,2.784617293,2.127104798,3.477121255,2.198657087
"TDAi3-DMN, fresh",TDAi3-DMN,C1(C2=C(C(=O)N1*)C=C3C(=C2)C4(C6=C(C3(C(C)C)C5=CC=CC=C45)C=C7C(=C6)C(=O)N(C7=O)C8=C%11C(=C(C=C8C)C9=C%10C(=C(C(=C9)C)*)C=CC=C%10)C=CC=C%11)C(C)C)=O,Polymers with High Free Volume,,http://dx.doi.org/10.1016/j.polymer.2016.08.075,2016,913,2233,594,160,3154,211,2.960470778,3.348888723,2.773786445,2.204119983,3.498861689,2.324282455
"TDAi3-DMN, aged 250 days",TDAi3-DMN,C1(C2=C(C(=O)N1*)C=C3C(=C2)C4(C6=C(C3(C(C)C)C5=CC=CC=C45)C=C7C(=C6)C(=O)N(C7=O)C8=C%11C(=C(C=C8C)C9=C%10C(=C(C(=C9)C)*)C=CC=C%10)C=CC=C%11)C(C)C)=O,Polymers with High Free Volume,,http://dx.doi.org/10.1016/j.polymer.2016.08.075,2016,900,2114,505,130,2670,170,2.954242509,3.325104983,2.703291378,2.113943352,3.426511261,2.230448921
Methanol-treated 195-um-thick film;,PIM-TMN-Trip ,C1=C(C(=CC3=C1C4(C2=CC9=C(C=C2C3(C5=CC6=C(C=C45)C=C7C(=C6)C(CCC7(C)C)(C)C)C)OC8=C(C(=C(C(=C8C#N)*)*)C#N)O9)C)O*)O*,Polymers with High Free Volume,,dx.doi.org/10.1038/nmat4938,2017,6370,16900,7470,2230,33300,3420,3.804139432,4.227886705,3.873320602,3.348304863,4.522444234,3.534026106
Methanol-treated 192-um-thick film aged 39 days,PIM-TMN-Trip ,C1=C(C(=CC3=C1C4(C2=CC9=C(C=C2C3(C5=CC6=C(C=C45)C=C7C(=C6)C(CCC7(C)C)(C)C)C)OC8=C(C(=C(C(=C8C#N)*)*)C#N)O9)C)O*)O*,Polymers with High Free Volume,,dx.doi.org/10.1038/nmat4939,2017,3560,9590,4600,1270,22500,2470,3.551449998,3.981818607,3.662757832,3.103803721,4.352182518,3.392696953
Methanol-treated 193-um-thick film heated at 120 C for 24 h then aged for 14 days,PIM-TMN-Trip ,C1=C(C(=CC3=C1C4(C2=CC9=C(C=C2C3(C5=CC6=C(C=C45)C=C7C(=C6)C(CCC7(C)C)(C)C)C)OC8=C(C(=C(C(=C8C#N)*)*)C#N)O9)C)O*)O*,Polymers with High Free Volume,,dx.doi.org/10.1038/nmat4939,2017,4880,13400,5950,1830,27000,2590,3.688419822,4.127104798,3.774516966,3.26245109,4.431363764,3.413299764
Aged film 187-um-thick film heated at 120C for 24 h then aged for 365 days,PIM-TMN-Trip ,C1=C(C(=CC3=C1C4(C2=CC9=C(C=C2C3(C5=CC6=C(C=C45)C=C7C(=C6)C(CCC7(C)C)(C)C)C)OC8=C(C(=C(C(=C8C#N)*)*)C#N)O9)C)O*)O*,Polymers with High Free Volume,,dx.doi.org/10.1038/nmat4939,2017,3930,9840,3160,727,14100,943,3.59439255,3.992995098,3.499687083,2.861534411,4.149219113,2.974511693
Aged 195-um-thick film after second methanol treatment,PIM-TMN-Trip ,C1=C(C(=CC3=C1C4(C2=CC9=C(C=C2C3(C5=CC6=C(C=C45)C=C7C(=C6)C(CCC7(C)C)(C)C)C)OC8=C(C(=C(C(=C8C#N)*)*)C#N)O9)C)O*)O*,Polymers with High Free Volume,,dx.doi.org/10.1038/nmat4939,2017,5820,16300,8780,3530,40700,6070,3.764922985,4.212187604,3.943494516,3.547774705,4.609594409,3.783188691
Average values methanol-treated 156 +- 5 um thick films and subsequently heated at 140C for 4h,PIM-TMN-Trip ,C1=C(C(=CC3=C1C4(C2=CC9=C(C=C2C3(C5=CC6=C(C=C45)C=C7C(=C6)C(CCC7(C)C)(C)C)C)OC8=C(C(=C(C(=C8C#N)*)*)C#N)O9)C)O*)O*,Polymers with High Free Volume,,dx.doi.org/10.1038/nmat4939,2017,5720,15800,7520,2340,38400,4230,3.757396029,4.198657087,3.876217841,3.369215857,4.584331224,3.626340367
"Methanol-treated 166-um-thick film,",PIM-TMN-SBI,C1=C(C(=CC2=C1C9=C(C24C3=CC8=C(C=C3C5=CC7=C(C=C45)OC6=C(C(=C(C(=C6C#N)O*)O*)C#N)O7)C(CCC8(C)C)(C)C)C=C%10C(=C9)C(CCC%10(C)C)(C)C)*)*,Polymers with High Free Volume,,dx.doi.org/10.1038/nmat4939,2017,2720,7190,3200,1080,17500,2100,3.434568904,3.85672889,3.505149978,3.033423755,4.243038049,3.322219295
Methanol-treated 110-um-thick film heated at 120 C for 24 h then aged for 14 days,PIM-TMN-SBI,C1=C(C(=CC2=C1C9=C(C24C3=CC8=C(C=C3C5=CC7=C(C=C45)OC6=C(C(=C(C(=C6C#N)O*)O*)C#N)O7)C(CCC8(C)C)(C)C)C=C%10C(=C9)C(CCC%10(C)C)(C)C)*)*,Polymers with High Free Volume,,dx.doi.org/10.1038/nmat4939,2017,646,1370,485,160,2980,300,2.810232518,3.136720567,2.685741739,2.204119983,3.474216264,2.477121255
"Methanol-treated 125-um-thick film of PIM-TMN-Trip-TB,",PIM-TMN-Trip-TB,C1=C(C(=CC3=C1C4C2=CC8=C(C=C2C3C5=CC6=C(C=C45)C=C7C(=C6)C(CCC7(C)C)(C)C)CN(CN8*)C*)*)*,Polymers with High Free Volume,,dx.doi.org/10.1038/nmat4939,2017,2300,6100,2030,396,6060,710,3.361727836,3.785329835,3.307496038,2.597695186,3.782472624,2.851258349
 Methanol-treated 69 um thick film,PIM-1,C1C(C6=C(C12CC(C3=CC5=C(C=C23)OC4=C(C(=C(C(=C4C#N)*)*)C#N)O5)(C)C)C=C(C(=C6)O*)O*)(C)C,Polymers with High Free Volume,,https://doi.org/10.1016/j.memsci.2018.03.039,2018,2000,4980,2140,607,12100,914,3.301029996,3.697229343,3.330413773,2.783188691,4.08278537,2.960946196
Methanol-treated 75um thick film 12% conversion,amine-PIM-1,C1C(C6=C(C12CC(C3=CC5=C(C=C23)OC4=C(C(=C(C(=C4CN)*)*)CN)O5)(C)C)C=C(C(=C6)O*)O*)(C)C,Polymers with High Free Volume,,https://doi.org/10.1016/j.memsci.2018.03.039,2018,1270,2920,1030,284,5670,463,3.103803721,3.465382851,3.012837225,2.45331834,3.753583059,2.665580991
Methanol-treated 63um thick film 64% conversion,amine-PIM-1,C1C(C6=C(C12CC(C3=CC5=C(C=C23)OC4=C(C(=C(C(=C4CN)*)*)CN)O5)(C)C)C=C(C(=C6)O*)O*)(C)C,Polymers with High Free Volume,,https://doi.org/10.1016/j.memsci.2018.03.039,2018,1610,3880,1380,394,8190,586,3.206825876,3.588831726,3.139879086,2.595496222,3.913283902,2.767897616
Methanol-treated 53um thick film 84% conversion,amine-PIM-1,C1C(C6=C(C12CC(C3=CC5=C(C=C23)OC4=C(C(=C(C(=C4CN)*)*)CN)O5)(C)C)C=C(C(=C6)O*)O*)(C)C,Polymers with High Free Volume,,https://doi.org/10.1016/j.memsci.2018.03.039,2018,846,2150,567,132,1590,161,2.927370363,3.33243846,2.753583059,2.120573931,3.201397124,2.206825876
Methanol-treated 90um thick film 85% conversion,amine-PIM-1,C1C(C6=C(C12CC(C3=CC5=C(C=C23)OC4=C(C(=C(C(=C4CN)*)*)CN)O5)(C)C)C=C(C(=C6)O*)O*)(C)C,Polymers with High Free Volume,,https://doi.org/10.1016/j.memsci.2018.03.039,2018,1080,2850,1010,318,3040,531,3.033423755,3.45484486,3.004321374,2.50242712,3.482873584,2.725094521
Methanol-treated 96um thick film 91% conversion,amine-PIM-1,C1C(C6=C(C12CC(C3=CC5=C(C=C23)OC4=C(C(=C(C(=C4CN)*)*)CN)O5)(C)C)C=C(C(=C6)O*)O*)(C)C,Polymers with High Free Volume,,https://doi.org/10.1016/j.memsci.2018.03.039,2018,862,2280,752,210,1450,359,2.935507266,3.357934847,2.876217841,2.322219295,3.161368002,2.555094449
Methanol-treated 84um thick film 92% conversion,amine-PIM-1,C1C(C6=C(C12CC(C3=CC5=C(C=C23)OC4=C(C(=C(C(=C4CN)*)*)CN)O5)(C)C)C=C(C(=C6)O*)O*)(C)C,Polymers with High Free Volume,,https://doi.org/10.1016/j.memsci.2018.03.039,2018,805,1810,550,132,785,178,2.90579588,3.257678575,2.740362689,2.120573931,2.894869657,2.250420002
Methanol-treated 76um thick film 93%a conversion,amine-PIM-1,C1C(C6=C(C12CC(C3=CC5=C(C=C23)OC4=C(C(=C(C(=C4CN)*)*)CN)O5)(C)C)C=C(C(=C6)O*)O*)(C)C,Polymers with High Free Volume,,https://doi.org/10.1016/j.memsci.2018.03.039,2018,1060,2620,756,167,1740,256,3.025305865,3.418301291,2.878521796,2.222716471,3.240549248,2.408239965
Methanol-treated 81um thick film 93%b conversion,amine-PIM-1,C1C(C6=C(C12CC(C3=CC5=C(C=C23)OC4=C(C(=C(C(=C4CN)*)*)CN)O5)(C)C)C=C(C(=C6)O*)O*)(C)C,Polymers with High Free Volume,,https://doi.org/10.1016/j.memsci.2018.03.039,2018,792,1990,606,167,1170,257,2.898725182,3.298853076,2.782472624,2.222716471,3.068185862,2.409933123
Methanol-treated 100um thick film 97% conversion,amine-PIM-1,C1C(C6=C(C12CC(C3=CC5=C(C=C23)OC4=C(C(=C(C(=C4CN)*)*)CN)O5)(C)C)C=C(C(=C6)O*)O*)(C)C,Polymers with High Free Volume,,https://doi.org/10.1016/j.memsci.2018.03.039,2018,838,2180,664,176,1030,240,2.923244019,3.338456494,2.822168079,2.245512668,3.012837225,2.380211242
methanol treated,PIM-MP-TB,C1N(C2=C(CN1*)C=C3C(=C2)C=C5C(=C3)C6C4=CC7=C(C=C4C5C6)C=C8C(=C7)N(CN(C8)*)C*)C*,Polymers with High Free Volume,,10.1039/C8TA00509E,2018,1310,4050,999,200,3500,264,3.117271296,3.607455023,2.999565488,2.301029996,3.544068044,2.421603927
day 1 after thermal conditioning under vacuum at 140 ??C,PIM-MP-TB,C1N(C2=C(CN1*)C=C3C(=C2)C=C5C(=C3)C6C4=CC7=C(C=C4C5C6)C=C8C(=C7)N(CN(C8)*)C*)C*,Polymers with High Free Volume,,10.1039/C8TA00509E,2018,956,2790,648,125,2340,158,2.980457892,3.445604203,2.811575006,2.096910013,3.369215857,2.198657087
after aging of 118 days and intermediate mixed gas permeation,PIM-MP-TB,C1N(C2=C(CN1*)C=C3C(=C2)C=C5C(=C3)C6C4=CC7=C(C=C4C5C6)C=C8C(=C7)N(CN(C8)*)C*)C*,Polymers with High Free Volume,,10.1039/C8TA00509E,2018,492,1120,134,21.4,633,26,2.691965103,3.049218023,2.127104798,1.330413773,2.80140371,1.414973348
after 370 days of aging and intermediate mixed gas permeation,PIM-MP-TB,C1N(C2=C(CN1*)C=C3C(=C2)C=C5C(=C3)C6C4=CC7=C(C=C4C5C6)C=C8C(=C7)N(CN(C8)*)C*)C*,Polymers with High Free Volume,,10.1039/C8TA00509E,2018,368,812,88.4,13.3,378,14.7,2.565847819,2.909556029,1.946452265,1.123851641,2.5774918,1.167317335
methanol treated,PIM-SBF-1,C1=CC=CC2=C1C8=C(C24C3=CC=CC=C3C5=CC7=C(C=C45)OC6=C(C(=C(C(=C6C#N)O*)O*)C#N)O7)C=C(C(=C8)*)*,Polymers with High Free Volume,,10.1039/C8TA02601G,2018,1560,4330,1420,340,8850,532,3.193124598,3.636487896,3.152288344,2.531478917,3.946943271,2.725911632
aged 2088 days,PIM-SBF-1,C1=CC=CC2=C1C8=C(C24C3=CC=CC=C3C5=CC7=C(C=C45)OC6=C(C(=C(C(=C6C#N)O*)O*)C#N)O7)C=C(C(=C8)*)*,Polymers with High Free Volume,,10.1039/C8TA02601G,2018,914,2190,486,87.5,2410,102,2.960946196,3.340444115,2.686636269,1.942008053,3.382017043,2.008600172
methanol treated,PIM-SBF-2,C1=C(C(=CC2=C1C8=C(C24C3=CC(=C(C=C3C5=CC7=C(C=C45)OC6=C(C(=C(C(=C6C#N)O*)O*)C#N)O7)C)C)C=C(C(=C8)*)*)C)C,Polymers with High Free Volume,,10.1039/C8TA02601G,2018,3110,9160,3820,1150,22300,2020,3.492760389,3.961895474,3.582063363,3.06069784,4.348304863,3.305351369
aged 1295 days,PIM-SBF-2,C1=C(C(=CC2=C1C8=C(C24C3=CC(=C(C=C3C5=CC7=C(C=C45)OC6=C(C(=C(C(=C6C#N)O*)O*)C#N)O7)C)C)C=C(C(=C8)*)*)C)C,Polymers with High Free Volume,,10.1039/C8TA02601G,2018,1700,4240,910,166,3870,184,3.230448921,3.627365857,2.959041392,2.220108088,3.587710965,2.264817823
methanol treated,PIM-SBF-3,C1=C(C(=CC2=C1C8=C(C24C3=CC=CC=C3C5=CC7=C(C=C45)OC6=C(C(=C(C(=C6C#N)O*)O*)C#N)O7)C=C(C(=C8)*)*)C)C,Polymers with High Free Volume,,10.1039/C8TA02601G,2018,1971,5460,1820,463,10900,878,3.294686624,3.737192643,3.260071388,2.665580991,4.037426498,2.943494516
aged 1294 days,PIM-SBF-3,C1=C(C(=CC2=C1C8=C(C24C3=CC=CC=C3C5=CC7=C(C=C45)OC6=C(C(=C(C(=C6C#N)O*)O*)C#N)O7)C=C(C(=C8)*)*)C)C,Polymers with High Free Volume,,10.1039/C8TA02601G,2018,1270,3370,965,219,4850,248,3.103803721,3.527629901,2.984527313,2.340444115,3.685741739,2.394451681
methanol treated,PIM-SBF-4,C1=CC(=CC2=C1C8=C(C24C3=CC(=CC=C3C5=CC7=C(C=C45)OC6=C(C(=C(C(=C6C#N)O*)O*)C#N)O7)C)C=C(C(=C8)*)*)C,Polymers with High Free Volume,,10.1039/C8TA02601G,2018,1930,4900,1760,474,10600,834,3.285557309,3.69019608,3.245512668,2.675778342,4.025305865,2.921166051
aged 1428 days,PIM-SBF-4,C1=CC(=CC2=C1C8=C(C24C3=CC(=CC=C3C5=CC7=C(C=C45)OC6=C(C(=C(C(=C6C#N)O*)O*)C#N)O7)C)C=C(C(=C8)*)*)C,Polymers with High Free Volume,,10.1039/C8TA02601G,2018,1470,3960,1260,286,6410,331,3.167317335,3.597695186,3.100370545,2.456366033,3.80685803,2.519827994
methanol treated,PIM-SBF-5,C1=CC(=CC2=C1C8=C(C24C3=CC(=CC=C3C5=CC7=C(C=C45)OC6=C(C(=C(C(=C6C#N)O*)O*)C#N)O7)C(C)(C)C)C=C(C(=C8)*)*)C(C)(C)C,Polymers with High Free Volume,,10.1039/C8TA02601G,2018,2060,5590,2750,1080,16400,2480,3.31386722,3.747411808,3.439332694,3.033423755,4.214843848,3.394451681
aged 1439 days,PIM-SBF-5,C1=CC(=CC2=C1C8=C(C24C3=CC(=CC=C3C5=CC7=C(C=C45)OC6=C(C(=C(C(=C6C#N)O*)O*)C#N)O7)C(C)(C)C)C=C(C(=C8)*)*)C(C)(C)C,Polymers with High Free Volume,,10.1039/C8TA02601G,2018,1830,4710,1870,550,10000,925,3.26245109,3.673020907,3.271841607,2.740362689,4,2.966141733
,,,,,,,,,,,,,,,,,,
,,,,,,,,,,,,,,,,,,
,,,,,,,,,,,,,,,,,,
,,,,,,,,,,,,,,,,,,
Poly(3-tricyclonone),Poly(3-TCNS),C1(C2C3C(C(C1*)C2)CC3[Si](C)(C)C)*,Polynorbornenes,,http://dx.doi.org/10.1021/ma100656e,2010,930,2060,990,390,5300,1010,2.968482949,3.31386722,2.995635195,2.591064607,3.72427587,3.004321374
Poly(trimethylsiloxy)silyl)-tricyclonone,PTCNSi6,C(C1C2C(C(C=*)C1)C(C2[Si](O[Si](C)(C)C)(O[Si](C)(C)C)O[Si](C)(C)C)[Si](O[Si](C)(C)C)(O[Si](C)(C)C)O[Si](C)(C)C)=*,Polynorbornenes,,http://dx.doi.org/10.1021/ma4021278,2013,420,690,295,100,1160,300,2.62324929,2.838849091,2.469822016,2,3.064457989,2.477121255
Poly(trimethylsiloxy)silyl)-tricyclonone hydrogenated,PTCNSi6-H,C(C1C2C(C(C*)C1)C(C2[Si](O[Si](C)(C)C)(O[Si](C)(C)C)O[Si](C)(C)C)[Si](O[Si](C)(C)C)(O[Si](C)(C)C)O[Si](C)(C)C)*,Polynorbornenes,,http://dx.doi.org/10.1021/ma4021278,2013,300,460,220,75,840,215,2.477121255,2.662757832,2.342422681,1.875061263,2.924279286,2.33243846
Addition-polymerized polynorbornenes containing Si(CH3)3,APNSi,C1(C2C(CC(C1*)C2)[Si](C)(C)C)*,Polynorbornenes,,http://dx.doi.org/10.1021/ma061215h,2006,,,,,,790,,,,,,2.897627091
Poly(trimethylsilyl norborene),PTMSN,C1(C2C(CC(C1*)C2)[Si](C)(C)C)*,Polynorbornenes,,http://dx.doi.org/10.1016/j.memsci.2008.06.009,2008,5100,6700,1700,2500,250,1390,3.707570176,3.826074803,3.230448921,3.397940009,2.397940009,3.1430148
,,,,,,,,,,,,,,,,,,
,,,,,,,,,,,,,,,,,,
,,,,,,,,,,,,,,,,,,
,,,,,,,,,,,,,,,,,,
,,,,,,,,,,,,,,,,,,
,,,,,,,,,,,,,,,,,,
,,,,,,,,,,,,,,,,,,
,,,,,,,,,,,,,,,,,,
,,,,,,,,,,,,,,,,,,
,,,,,,,,,,,,,,,,,,
,,,,,,,,,,,,,,,,,,
,,,,,,,,,,,,,,,,,,
,,,,,,,,,,,,,,,,,,
,,,,,,,,,,,,,,,,,,
,,,,,,,,,,,,,,,,,,
,,,,,,,,,,,,,,,,,,
,,,,,,,,,,,,,,,,,,
,,,,,,,,,,,,,,,,,,
,,,,,,,,,,,,,,,,,,
,,,,,,,,,,,,,,,,,,
,,,,,,,,,,,,,,,,,,
,,,,,,,,,,,,,,,,,,
,,,,,,,,,,,,,,,,,,
,,,,,,,,,,,,,,,,,,
Poly(dimethylsiloxane),PDMS,O([Si](C)(C)*)*,Silicone rubber and variants,,http://dx.doi.org/10.1016/j.memsci.2007.04.022,2007,,,,320,,,,,,2.505149978,,
Polyacetylene 2c,,C(\C1=CC=C(C=C1)C(C)(C)C)(*)=C(C2=CC=C(C=C2)O[Si](C)(C)C(C)(C)C)/*,Substituted Polyacetylenes,,http://www.sciencedirect.com/science/article/pii/S0376738806003851,2006,530,1000,470,210,2300,540,2.72427587,3,2.672097858,2.322219295,3.361727836,2.73239376
Polyacetylene 2d,,C(\C1=CC=C(C=C1)C(C)(C)C)(*)=C(C2=CC=CC(=C2)O[Si](C)(C)C(C)(C)C)/*,Substituted Polyacetylenes,,http://www.sciencedirect.com/science/article/pii/S0376738806003851,2006,1600,3900,2100,1300,7200,3300,3.204119983,3.591064607,3.322219295,3.113943352,3.857332496,3.51851394
Polyacetylene 2e,,C(\C1=CC=C(C=C1)[Si](C)(C)C)(*)=C(C2=CC=C(C=C2)O[Si](C)(C)C(C)(C)C)/*,Substituted Polyacetylenes,,http://www.sciencedirect.com/science/article/pii/S0376738806003851,2006,790,1500,830,390,3800,1100,2.897627091,3.176091259,2.919078092,2.591064607,3.579783597,3.041392685
Polyacetylene 2f,,C(\C1=CC=C(C=C1)[Si](C)(C)C)(*)=C(C2=CC=CC(=C2)O[Si](C)(C)C(C)(C)C)/*,Substituted Polyacetylenes,,http://www.sciencedirect.com/science/article/pii/S0376738806003851,2006,840,1600,810,430,2900,1100,2.924279286,3.204119983,2.908485019,2.633468456,3.462397998,3.041392685
Polyacetylene 3c,,C(\C1=CC=C(C=C1)C(C)(C)C)(*)=C(C2=CC=C(C=C2)O)/*,Substituted Polyacetylenes,,http://www.sciencedirect.com/science/article/pii/S0376738806003851,2006,190,340,82,23,530,46,2.278753601,2.531478917,1.913813852,1.361727836,2.72427587,1.662757832
Polyacetylene 3d,,C(\C1=CC=C(C=C1)C(C)(C)C)(*)=C(C2=CC=CC(=C2)O)/*,Substituted Polyacetylenes,,http://www.sciencedirect.com/science/article/pii/S0376738806003851,2006,810,1700,580,210,3000,490,2.908485019,3.230448921,2.763427994,2.322219295,3.477121255,2.69019608
Fluorenyl-poly(diarylacetylene) 2a,,C(=C(\C1=CC=C2C(=C1)C(C3=C2C=CC=C3)(C)C)*)(C4=CC=CC=C4)/*,Substituted Polyacetylenes,,http://www.sciencedirect.com/science/article/pii/S0032386109005552,2009,3200,8100,4800,3300,17000,9100,3.505149978,3.908485019,3.681241237,3.51851394,4.230448921,3.959041392
Fluorenyl-poly(diarylacetylene) 2b,,C(/*)(C1=CC=C(C=C1)F)=C(\C2=CC=C3C(=C2)C(C4=C3C=CC=C4)(C)C)*,Substituted Polyacetylenes,,http://www.sciencedirect.com/science/article/pii/S0032386109005552,2009,4600,11000,6200,4700,21000,11000,3.662757832,4.041392685,3.792391689,3.672097858,4.322219295,4.041392685
Fluorenyl-poly(diarylacetylene) 2c,,C(/*)(C1=CC=CC(=C1)F)=C(C2=CC=C3C(=C2)C(C4=C3C=CC=C4)(C)C)/*,Substituted Polyacetylenes,,http://www.sciencedirect.com/science/article/pii/S0032386109005552,2009,4100,9900,5900,4200,18000,11000,3.612783857,3.995635195,3.770852012,3.62324929,4.255272505,4.041392685
Fluorenyl-poly(diarylacetylene) 2d,,C(/*)(C1=CC=C(C(=C1)F)F)=C(C2=CC=C3C(=C2)C(C4=C3C=CC=C4)(C)C)/*,Substituted Polyacetylenes,,http://www.sciencedirect.com/science/article/pii/S0032386109005552,2009,5000,11000,6600,5100,26000,12000,3.698970004,4.041392685,3.819543936,3.707570176,4.414973348,4.079181246
Fluorenyl-poly(diarylacetylene) 2e,,C(/*)(C1=CC(=CC(=C1)F)F)=C(C2=CC=C3C(=C2)C(C4=C3C=CC=C4)(C)C)/*,Substituted Polyacetylenes,,http://www.sciencedirect.com/science/article/pii/S0032386109005552,2009,2100,5000,2700,1700,9200,4200,3.322219295,3.698970004,3.431363764,3.230448921,3.963787827,3.62324929
Fluorenyl-poly(diarylacetylene) 2f,,C(/*)(C1=CC=C(C=C1)Br)=C(C2=CC=C3C(=C2)C(C4=C3C=CC=C4)(C)C)/*,Substituted Polyacetylenes,,http://www.sciencedirect.com/science/article/pii/S0032386109005552,2009,3400,8700,5000,3500,17000,9300,3.531478917,3.939519253,3.698970004,3.544068044,4.230448921,3.968482949
Fluorenyl-poly(diarylacetylene) 2g,,C(=C(\C1=CC=C2C(=C1)C(C3=C2C=CC=C3)(C)C)*)(C4=CC=C(C=C4)C(C)(C)C)/*,Substituted Polyacetylenes,,http://www.sciencedirect.com/science/article/pii/S0032386109005552,2009,2700,6300,3500,2500,11000,6600,3.431363764,3.799340549,3.544068044,3.397940009,4.041392685,3.819543936
Fluorenyl-poly(diarylacetylene) 2h,,C(=C(/C1=CC=C2C(=C1)C(C3=C2C=CC=C3)(C)C)*)(/C4=CC=C(C=C4)[Si](C)(C)C)*,Substituted Polyacetylenes,,http://www.sciencedirect.com/science/article/pii/S0032386109005552,2009,520,1100,470,210,1900,550,2.716003344,3.041392685,2.672097858,2.322219295,3.278753601,2.740362689
Fluorenyl-poly(diarylacetylene) 2i,,C(=C(\C1=CC=C2C(=C1)C(C3=C2C=CC(=C3)Br)(C)C)*)(C4=CC=CC=C4)/*,Substituted Polyacetylenes,,http://www.sciencedirect.com/science/article/pii/S0032386109005552,2009,1500,3700,2000,1100,8000,3000,3.176091259,3.568201724,3.301029996,3.041392685,3.903089987,3.477121255
Fluorenyl-poly(diarylacetylene) 2j,,C(/*)(C1=CC=CC=C1)=C(C2=CC=C3C(=C2)C(C4=C3C=CC(=C4)[Si](C)(C)C)(C)C)/*,Substituted Polyacetylenes,,http://www.sciencedirect.com/science/article/pii/S0032386109005552,2009,3400,8500,5400,3400,18000,10000,3.531478917,3.929418926,3.73239376,3.531478917,4.255272505,4
Fluorenyl-poly(diarylacetylene) 2k,,C(/*)(C1=CC=CC=C1)=C(C2=CC=C3C(=C2)C5(C4=C3C=CC=C4)CC5)/*,Substituted Polyacetylenes,,http://www.sciencedirect.com/science/article/pii/S0032386109005552,2009,600,1400,660,400,3200,810,2.77815125,3.146128036,2.819543936,2.602059991,3.505149978,2.908485019
Fluorenyl-poly(diarylacetylene) 2l,,C(/*)(C1=CC=C(C=C1)[Si](C)(C)C)=C(C2=CC=C3C(=C2)C5(C4=C3C=CC=C4)CC5)/*,Substituted Polyacetylenes,,http://www.sciencedirect.com/science/article/pii/S0032386109005552,2009,840,1900,1000,540,4100,1500,2.924279286,3.278753601,3,2.73239376,3.612783857,3.176091259
Poly(diphenyl acetylene) 2a,,C(/*)(C1=CC=C(C=C1)[Si](CCCCCCCC)(C)C)=C(C2=CC=CC=C2)/*,Substituted Polyacetylenes,,http://www.sciencedirect.com/science/article/pii/S0032386110000510,2010,,,34,11,170,,,,1.531478917,1.041392685,2.230448921,
Poly(diphenyl acetylene) 2b,,C(/*)(C1=CC=C(C=C1)[Si](CCCCCCCC)(C)C)=C(C2=CC=C(C=C2)C(C)C)/*,Substituted Polyacetylenes,,http://www.sciencedirect.com/science/article/pii/S0032386110000510,2010,,,29,9.1,120,,,,1.462397998,0.959041392,2.079181246,
Poly(diphenyl acetylene) 2c,,C(/*)(C1=CC=C(C=C1)[Si](CCCCCCCC)(C)C)=C(C2=CC=C(C=C2)C(C)(C)C)/*,Substituted Polyacetylenes,,http://www.sciencedirect.com/science/article/pii/S0032386110000510,2010,,,26,7.5,100,,,,1.414973348,0.875061263,2,
Poly(diphenyl acetylene) 2d,,C(/*)(C1=CC=C(C=C1)[Si](CCCCCCCC)(C)C)=C(C2=CC=C(C=C2)CCCC)/*,Substituted Polyacetylenes,,http://www.sciencedirect.com/science/article/pii/S0032386110000510,2010,,,25,7.9,110,,,,1.397940009,0.897627091,2.041392685,
Poly(diphenyl acetylene) 3a desilylated,,C(/*)(C1=CC=CC=C1)=C(C2=CC=CC=C2)/*,Substituted Polyacetylenes,,http://www.sciencedirect.com/science/article/pii/S0032386110000510,2010,,,1200,740,4200,,,,3.079181246,2.86923172,3.62324929,
Poly(diphenyl acetylene) 3b desilylated,,C(/*)(C1=CC=CC=C1)=C(C2=CC=C(C=C2)C(C)C)/*,Substituted Polyacetylenes,,http://www.sciencedirect.com/science/article/pii/S0032386110000510,2010,,,300,150,1100,,,,2.477121255,2.176091259,3.041392685,
Poly(diphenyl acetylene) 3c desilylated,,C(/*)(C1=CC=CC=C1)=C(C2=CC=C(C=C2)C(C)(C)C)/*,Substituted Polyacetylenes,,http://www.sciencedirect.com/science/article/pii/S0032386110000510,2010,,,820,360,3000,,,,2.913813852,2.556302501,3.477121255,
Poly(diphenyl acetylene) 3d desilylated,,C(/*)(C1=CC=CC=C1)=C(C2=CC=C(C=C2)CCCC)/*,Substituted Polyacetylenes,,http://www.sciencedirect.com/science/article/pii/S0032386110000510,2010,,,37,11,160,,,,1.568201724,1.041392685,2.204119983,
Poly(diphenyl acetylene) Poly 1,,C(/*)(C1=CC2=C(C=C1)C(CC2(C)C)(C)C)=C(C3=CC=CC=C3)/*,Substituted Polyacetylenes,,http://dx.doi.org/10.1039/B712327B,2007,11200,24800,14400,11600,38700,29100,4.049218023,4.394451681,4.158362492,4.064457989,4.587710965,4.463892989
Poly(diphenyl acetylene) Poly 2,,C(/*)(C1=CC2=C(C=C1)C(C(C2(C)C)(C)C)(C)C)=C(C3=CC=CC=C3)/*,Substituted Polyacetylenes,,http://dx.doi.org/10.1039/B712327B,2007,10100,23200,12500,10000,35100,24200,4.004321374,4.365487985,4.096910013,4,4.545307116,4.383815366
Poly(diphenyl acetylene) Poly 3,,C(/*)(C1=CC2=C(C=C1)C(CCC2(C)C)(C)C)=C(C3=CC=CC=C3)/*,Substituted Polyacetylenes,,http://dx.doi.org/10.1039/B712327B,2007,3500,7700,3900,2700,11400,6600,3.544068044,3.886490725,3.591064607,3.431363764,4.056904851,3.819543936
Poly(diphenyl acetylene) 2b p-F,,C(=C(\C1=CC2=C(C=C1)C(CC2(C)C)(C)C)*)(C3=CC=C(C=C3)F)/*,Substituted Polyacetylenes,,http://dx.doi.org/10.1021/ma801845g,2008,15800,33300,17900,15600,47000,34300,4.198657087,4.522444234,4.252853031,4.193124598,4.672097858,4.53529412
Poly(diphenyl acetylene) 2c m-F,,C(=C(\C1=CC2=C(C=C1)C(CC2(C)C)(C)C)*)(C3=CC=CC(=C3)F)/*,Substituted Polyacetylenes,,http://dx.doi.org/10.1021/ma801845g,2008,12800,27000,14300,12000,35200,27800,4.10720997,4.431363764,4.155336037,4.079181246,4.546542663,4.444044796
"Poly(diphenyl acetylene) 2e p,m-F",,C(=C(\C1=CC2=C(C=C1)C(CC2(C)C)(C)C)*)(C3=CC=C(C(=C3)F)F)/*,Substituted Polyacetylenes,,http://dx.doi.org/10.1021/ma801845g,2008,17800,36800,18700,16600,44200,35000,4.250420002,4.565847819,4.271841607,4.220108088,4.645422269,4.544068044
"Poly(diphenyl acetylene) 2f m,m-F",,C(=C(\C1=CC2=C(C=C1)C(CC2(C)C)(C)C)*)(C3=CC(=CC(=C3)F)F)/*,Substituted Polyacetylenes,,http://dx.doi.org/10.1021/ma801845g,2008,13700,28500,15200,13100,36100,29100,4.136720567,4.45484486,4.181843588,4.117271296,4.557507202,4.463892989
Poly(diphenyl acetylene) 2g p-Cl,,C(=C(\C1=CC2=C(C=C1)C(CC2(C)C)(C)C)*)(C3=CC=C(C=C3)Cl)/*,Substituted Polyacetylenes,,http://dx.doi.org/10.1021/ma801845g,2008,9300,20600,11700,9200,35200,22700,3.968482949,4.31386722,4.068185862,3.963787827,4.546542663,4.356025857
Poly(diphenyl acetylene) 2h p-Br,,C(=C(\C1=CC2=C(C=C1)C(CC2(C)C)(C)C)*)(C3=CC=C(C=C3)Br)/*,Substituted Polyacetylenes,,http://dx.doi.org/10.1021/ma801845g,2008,9200,20700,11400,9200,32800,22400,3.963787827,4.315970345,4.056904851,3.963787827,4.515873844,4.350248018
Poly(diphenyl acetylene) 2i p-Me,,C(=C(\C1=CC2=C(C=C1)C(CC2(C)C)(C)C)*)(C3=CC=C(C=C3)C)/*,Substituted Polyacetylenes,,http://dx.doi.org/10.1021/ma801845g,2008,5000,10800,5700,4100,16900,10100,3.698970004,4.033423755,3.755874856,3.612783857,4.227886705,4.004321374
Poly(diphenyl acetylene) 2k none,,C(=C(\C1=CC2=C(C=C1)C(C(C2(C)C)(C)C)(C)C)*)(C3=CC=CC=C3)/*,Substituted Polyacetylenes,,http://dx.doi.org/10.1021/ma801845g,2008,10500,24100,12900,10400,36400,25200,4.021189299,4.382017043,4.11058971,4.017033339,4.561101384,4.401400541
Poly(diphenyl acetylene) 2m p-SiMe3,,C(=C(\C1=CC2=C(C=C1)CCC2)*)(C3=CC=C(C=C3)[Si](C)(C)C)/*,Substituted Polyacetylenes,,http://dx.doi.org/10.1021/ma801845g,2008,530,1100,450,170,2000,470,2.72427587,3.041392685,2.653212514,2.230448921,3.301029996,2.672097858
Poly(diphenyl acetylene) 2m-D none,,C(=C(\C1=CC2=C(C=C1)CCC2)*)(C3=CC=CC=C3)/*,Substituted Polyacetylenes,,http://dx.doi.org/10.1021/ma801845g,2008,200,360,86,30,390,60,2.301029996,2.556302501,1.934498451,1.477121255,2.591064607,1.77815125
Poly(diarylacetylene) 2a,,C(=C(\C1=CC=C(C=C1)C2=CC=C(C=C2)C(C)(C)C)*)(C3=CC=C(C=C3)[Si](C)(C)C)/*,Substituted Polyacetylenes,,http://www.sciencedirect.com/science/article/pii/S0032386110001345,2010,560,1200,620,250,3300,730,2.748188027,3.079181246,2.792391689,2.397940009,3.51851394,2.86332286
Poly(diarylacetylene) 2b,,C(=C(\C1=CC=C(C=C1)C2=CC=C(C=C2)[Si](C)(C)C)*)(C3=CC=CC=C3)/*,Substituted Polyacetylenes,,http://www.sciencedirect.com/science/article/pii/S0032386110001345,2010,370,810,390,160,2200,450,2.568201724,2.908485019,2.591064607,2.204119983,3.342422681,2.653212514
Poly(diarylacetylene) 2c,,C(=C(\C1=CC=C(C=C1)C[Si](C)(C)C)*)(C2=CC=CC=C2)/*,Substituted Polyacetylenes,,http://www.sciencedirect.com/science/article/pii/S0032386110001345,2010,240,420,140,44,640,120,2.380211242,2.62324929,2.146128036,1.643452676,2.806179974,2.079181246
Poly(diarylacetylene) 2f,,C(=C(\C1=CC2=C(C=C1)C4=C(C23CC3)C=CC=C4)*)(C5=CC=C(C=C5)[Si](C)(C)C)/*,Substituted Polyacetylenes,,http://www.sciencedirect.com/science/article/pii/S0032386110001345,2010,840,1900,1000,540,4100,1500,2.924279286,3.278753601,3,2.73239376,3.612783857,3.176091259
Poly(diarylacetylene) 2g,,C(=C(\C1=CC2=C(C=C1)C3=C(C2(C)C)C=CC=C3)*)(C4=CC=C(C=C4)[Si](C)(C)C)/*,Substituted Polyacetylenes,,http://www.sciencedirect.com/science/article/pii/S0032386110001345,2010,480,980,440,190,1900,500,2.681241237,2.991226076,2.643452676,2.278753601,3.278753601,2.698970004
Poly(diarylacetylene) 2h,,C(=C(\C1=CC2=C(C=C1)C3=C(C2(C)C)C=C(C=C3)[Si](C)(C)C)*)(C4=CC=CC=C4)/*,Substituted Polyacetylenes,,http://www.sciencedirect.com/science/article/pii/S0032386110001345,2010,3400,8500,5400,3400,18000,10000,3.531478917,3.929418926,3.73239376,3.531478917,4.255272505,4
Poly(diarylacetylene) 3a,,C(=C(\C1=CC=C(C=C1)C2=CC=C(C=C2)C(C)(C)C)*)(C3=CC=CC=C3)/*,Substituted Polyacetylenes,,http://www.sciencedirect.com/science/article/pii/S0032386110001345,2010,260,580,260,95,1600,260,2.414973348,2.763427994,2.414973348,1.977723605,3.204119983,2.414973348
Poly(diarylacetylene) 3b,,C(=C(\C1=CC=C(C=C1)C2=CC=CC=C2)*)(C3=CC=CC=C3)/*,Substituted Polyacetylenes,,http://www.sciencedirect.com/science/article/pii/S0032386110001345,2010,200,440,180,65,1300,170,2.301029996,2.643452676,2.255272505,1.812913357,3.113943352,2.230448921
Poly(diarylacetylene) 3f,,C(=C(\C1=CC2=C(C=C1)C4=C(C23CC3)C=CC=C4)*)(C5=CC=CC=C5)/*,Substituted Polyacetylenes,,http://www.sciencedirect.com/science/article/pii/S0032386110001345,2010,1100,2500,1300,870,4900,2300,3.041392685,3.397940009,3.113943352,2.939519253,3.69019608,3.361727836
Poly(diarylacetylene) 3g,,C(=C(\C1=CC2=C(C=C1)C3=C(C2(C)C)C=CC=C3)*)(C4=CC=CC=C4)/*,Substituted Polyacetylenes,,http://www.sciencedirect.com/science/article/pii/S0032386110001345,2010,890,2000,830,420,3400,940,2.949390007,3.301029996,2.919078092,2.62324929,3.531478917,2.973127854
Poly(diarylacetylene) 3h,,C(=C(\C1=CC2=C(C=C1)C3=C(C2(C)C)C=CC=C3)*)(C4=CC=CC=C4)/*,Substituted Polyacetylenes,,http://www.sciencedirect.com/science/article/pii/S0032386110001345,2010,8800,19000,9800,8100,24000,19000,3.944482672,4.278753601,3.991226076,3.908485019,4.380211242,4.278753601
Poly(diarylacetylene) 2i,,C(=C(\C1=CC=C(C=C1)C2=CC=C(C=C2)C(C)(C)C)*)(C3=CC=CC=C3)/*,Substituted Polyacetylenes,,http://www.sciencedirect.com/science/article/pii/S0032386110001345,2010,170,330,130,46,840,120,2.230448921,2.51851394,2.113943352,1.662757832,2.924279286,2.079181246
Poly(diarylacetylene) 2j,,C(=C(\C1=CC2=C(C=C1)C4=C(C23CC3)C=CC=C4)*)(C5=CC=CC=C5)/*,Substituted Polyacetylenes,,http://www.sciencedirect.com/science/article/pii/S0032386110001345,2010,600,1400,660,300,3200,810,2.77815125,3.146128036,2.819543936,2.477121255,3.505149978,2.908485019
Poly(diarylacetylene) 2k,,C(=C(\C1=CC2=C(C=C1)C3=C(C2(C)C)C=CC=C3)*)(C4=CC=CC=C4)/*,Substituted Polyacetylenes,,http://www.sciencedirect.com/science/article/pii/S0032386110001345,2010,3200,8100,4800,3300,17000,9100,3.505149978,3.908485019,3.681241237,3.51851394,4.230448921,3.959041392
Poly(diphenyl acetylene) poly(5)-Ta,,C(=C(/*)C1=CC=C(C=C1)O[Si](C(C)(C)C)(C)C)(C2=CC=C(C=C2)F)/*,Substituted Polyacetylenes,,http://dx.doi.org/10.1002/macp.200600188,2006,140,230,100,46,590,110,2.146128036,2.361727836,2,1.662757832,2.770852012,2.041392685
Poly(diphenyl acetylene) poly(5)-Ru,,C(=C(/*)C1=CC=C(C=C1)O[Si](C(C)(C)C)(C)C)(C2=CC=C(C=C2)F)/*,Substituted Polyacetylenes,,http://dx.doi.org/10.1002/macp.200600188,2006,220,400,180,64,1010,170,2.342422681,2.602059991,2.255272505,1.806179974,3.004321374,2.230448921
Poly(phenyl acetylene) 3a,,C(=C(*)C1=CC(=CC=C1)O[Si](C(C)(C)C)(C)C)*,Substituted Polyacetylenes,,http://dx.doi.org/10.1002/macp.200800029,2008,48,64,17,7.6,58,12,1.681241237,1.806179974,1.230448921,0.880813592,1.763427994,1.079181246
Poly(phenyl acetylene) 2a,,C(/*)(C1=CC=C(C=C1)C(C)(C)C)=C(\C2=CC=CC=C2)*,Substituted Polyacetylenes,,http://dx.doi.org/10.1002/pola.23687,2009,,,2600,1500,9400,,,,3.414973348,3.176091259,3.973127854,
,,,,,,,,,,,,,,,,,,
,,,,,,,,,,,,,,,,,,
,,,,,,,,,,,,,,,,,,
,,,,,,,,,,,,,,,,,,
Poly(phenyl acetylene) 2b,,C(/*)(C1=CC=C(C=C1)[Si](C)(C)C)=C(\C2=CC=CC=C2)*,Substituted Polyacetylenes,,http://dx.doi.org/10.1002/pola.23687,2009,,,1200,550,4600,,,,3.079181246,2.740362689,3.662757832,
Poly(phenyl acetylene) 3a (sulfonated),,C(/*)(C1=CC=C(C=C1)C(C)(C)C)=C(\C2=CC=C(C=C2)[S](=O)(=O)O)*,Substituted Polyacetylenes,,http://dx.doi.org/10.1002/pola.23687,2009,,,45,11,340,,,,1.653212514,1.041392685,2.531478917,
,,,,,,,,,,,,,,,,,,
,,,,,,,,,,,,,,,,,,
,,,,,,,,,,,,,,,,,,
,,,,,,,,,,,,,,,,,,
Poly(phenyl acetylene) 3b sulfonated,,C(/*)(C1=CC=C(C=C1)[S](=O)(=O)O)=C(\C2=CC=C(C=C2)[S](=O)(=O)O)*,Substituted Polyacetylenes,,http://dx.doi.org/10.1002/pola.23687,2009,,,2.5,0.28,21,,,,0.397940009,-0.552841969,1.322219295,
,,,,,,,,,,,,,,,,,,
,,,,,,,,,,,,,,,,,,
,,,,,,,,,,,,,,,,,,
,,,,,,,,,,,,,,,,,,
,,,,,,,,,,,,,,,,,,
,,,,,,,,,,,,,,,,,,
,,,,,,,,,,,,,,,,,,
,,,,,,,,,,,,,,,,,,
,,,,,,,,,,,,,,,,,,
,,,,,,,,,,,,,,,,,,
,,,,,,,,,,,,,,,,,,
S-PEEK membrane with H cation,S-PEEK(H),C1(=C(C(=CC(=C1)C2=CC(=C(C(=C2)C)OC3=C(C=C(C=C3)C(C4=CC=C(C(=C4)[S](=O)(=O)O)*)=O)[S](=O)(O)=O)C)C)O*)C,Uncategorized,,https://doi.org/10.1016/j.memsci.2011.01.056,2011,,,,0.71,21.94,1.93,,,,-0.148741651,1.341236623,0.285557309
S-PEEK membrane with??Na cation,S-PEEK(Na),C1(=C(C(=CC(=C1)C2=CC(=C(C(=C2)C)OC3=C(C=C(C=C3)C(C4=CC=C(C(=C4)[S](=O)(=O)O)*)=O)[S](=O)(O)=O)C)C)O*)C,Uncategorized,,https://doi.org/10.1016/j.memsci.2011.01.056,2011,,,,0.43,14.99,0.88,,,,-0.366531544,1.175801633,-0.055517328
S-PEEK membrane with??Li cation,S-PEEK(Li),C1(=C(C(=CC(=C1)C2=CC(=C(C(=C2)C)OC3=C(C=C(C=C3)C(C4=CC=C(C(=C4)[S](=O)(=O)O)*)=O)[S](=O)(O)=O)C)C)O*)C,Uncategorized,,https://doi.org/10.1016/j.memsci.2011.01.056,2011,,,,0.64,21.95,1.32,,,,-0.193820026,1.341434525,0.120573931
S-PEEK membrane with??Mg cation,S-PEEK(Mg),C1(=C(C(=CC(=C1)C2=CC(=C(C(=C2)C)OC3=C(C=C(C=C3)C(C4=CC=C(C(=C4)[S](=O)(=O)O)*)=O)[S](=O)(O)=O)C)C)O*)C,Uncategorized,,https://doi.org/10.1016/j.memsci.2011.01.056,2011,,,,0.46,20.32,1.07,,,,-0.337242168,1.307923704,0.029383778
S-PEEK membrane with??Ba cation,S-PEEK(Ba),C1(=C(C(=CC(=C1)C2=CC(=C(C(=C2)C)OC3=C(C=C(C=C3)C(C4=CC=C(C(=C4)[S](=O)(=O)O)*)=O)[S](=O)(O)=O)C)C)O*)C,Uncategorized,,https://doi.org/10.1016/j.memsci.2011.01.056,2011,,,,0.41,14.56,0.83,,,,-0.387216143,1.163161375,-0.080921908
S-PEEK membrane with Al cation,S-PEEK(Al),C1(=C(C(=CC(=C1)C2=CC(=C(C(=C2)C)OC3=C(C=C(C=C3)C(C4=CC=C(C(=C4)[S](=O)(=O)O)*)=O)[S](=O)(O)=O)C)C)O*)C,Uncategorized,,https://doi.org/10.1016/j.memsci.2011.01.056,2011,,,,0.59,21.46,1.08,,,,-0.229147988,1.331629718,0.033423755
,,,,,,,,,,,,,,,,,,
,,,,,,,,,,,,,,,,,,
Poly(vinyl chloride),PVC,ClC(-*)C-*,Vinyl and Vinylidene Polymers,,http://www.sciencedirect.com/science/article/pii/S0376738810005004,2010,,1.88,0.07,0.01,0.25,,,0.274157849,-1.15490196,-2,-0.602059991,
Poly(cyclohexyl vinyl ether),,C(OC1CCCCC1)(C*)*,Vinyl and Vinylidene Polymers,,http://dx.doi.org/10.1002/app.30834,2009,,,3.69,0.99,13.6,,,,0.567026366,-0.004364805,1.133538908,
Poly(norbornyl vinyl ether),,C(C(OC1CC2CCC1C2)*)*,Vinyl and Vinylidene Polymers,,http://dx.doi.org/10.1002/app.30834,2009,,,3.55,0.96,25,,,,0.550228353,-0.017728767,1.397940009,
Poly(8-tricyclo[5.2.1.0]decyl vinylether),,C(C(OC1CC2CCC1C2)*)*,Vinyl and Vinylidene Polymers,,http://dx.doi.org/10.1002/app.30834,2009,,,3.06,1.2,12.6,,,,0.485721426,0.079181246,1.100370545,
Poly(2-adamanthyl vinyl ether),,C(C(OC1C3CC2CC1CC(C2)C3)*)*,Vinyl and Vinylidene Polymers,,http://dx.doi.org/10.1002/app.30834,2009,,,6.01,1.69,25.2,,,,0.778874472,0.227886705,1.401400541,
Poly(benzyl vinyl ether),,C(C(OCC1=CC=CC=C1)*)*,Vinyl and Vinylidene Polymers,,http://dx.doi.org/10.1002/app.30834,2009,,,2.33,0.79,11.1,,,,0.367355921,-0.102372909,1.045322979,
Poly(cyclohexylmethyl vinyl ether),,C(C(OCC1CCCCC1)*)*,Vinyl and Vinylidene Polymers,,http://dx.doi.org/10.1002/app.30834,2009,,,1.55,0.4,5.89,,,,0.190331698,-0.397940009,0.770115295,
Poly(8-tricyclo[5.2.1.0]decylmethyl vinyl ether),,C(C(OCC1CC2C3C(C1C2)CCC3)*)*,Vinyl and Vinylidene Polymers,,http://dx.doi.org/10.1002/app.30834,2009,,,0.81,0.13,2.85,,,,-0.091514981,-0.886056648,0.45484486,
Poly(vinyl formal) (Formvar),,C(C(OCC)*)*,Vinyl and Vinylidene Polymers,,http://hiscale.ftecs.com/chapter 4/absorberfoil-data.html,2009,1.6,0.93,0.024,0.018,,,0.204119983,-0.031517051,-1.619788758,-1.744727495,,
