,Smiles,He,H2,O2,N2,CO2,CH4,ONdist,CCdist,CNdist,HCdist
0,*C1CC(C)(C)CC(C)(CNNC2CC(C)(C)CC(C)(CNNC3CC(C)(C)CC(C)(CNNC4CC(C)(C)CC(C)(CNNC5CC(C)(C)CC(C)(CNNC6CC(C)(C)CC(C)(CNNC7CC(C)(C)CC(C)(CNNC8CC(C)(C)CC(C)(CNNC9CC(C)(C)CC(C)(CNNC%10CC(C)(C)CC(C)(CNNC%11CC(C)(C)CC(C)(CNNC%12CC(C)(C)CC(C)(CNNC%13CC(C)(C)CC(C)(CNNC%14CC(C)(C)CC(C)(CNNC%15CC(C)(C)CC(C)(CNNC%16CC(C)(C)CC(C)(CNNC%17CC(C)(C)CC(C)(CNNC%18CC(C)(C)CC(C)(CNNC%19CC(C)(C)CC(C)(CNNC%20CC(C)(C)CC(C)(CN%21C(=O)c%22ccc%23c%24c(C(F)(F)C(F)(F)C(F)(F)C(F)(F)C(F)(F)C(F)(F)C(F)(F)C(F)(F)F)cc%25c%26c(cc(C(F)(F)C(F)(F)C(F)(F)C(F)(F)C(F)(F)C(F)(F)C(F)(F)C(F)(F)F)c(c%27ccc(c%22c%23%27)C%21=O)c%26%24)C(=O)N(*)C%25=O)C%20)C%19)C%18)C%17)C%16)C%15)C%14)C%13)C%12)C%11)C%10)C9)C8)C7)C6)C5)C4)C3)C2)C1,7.823136583635011,8.626937761837583,9.759614169882417,9.559220328454531,9.739734622833993,10.731528239832391,0.8384609591659045,0.15039221954112092,0.959196942830052,1.0471857659315047
1,*C1CC(C)(C)CC(C)(CNNC2CC(C)(C)CC(C)(CNNC3CC(C)(C)CC(C)(CNNC4CC(C)(C)CC(C)(CNNC5CC(C)(C)CC(C)(CNNC6CC(C)(C)CC(C)(CNNC7CC(C)(C)CC(C)(CNNC8CC(C)(C)CC(C)(CNNC9CC(C)(C)CC(C)(CNNC%10CC(C)(C)CC(C)(CNNC%11CC(C)(C)CC(C)(CNNC%12CC(C)(C)CC(C)(CNNC%13CC(C)(C)CC(C)(CNNC%14CC(C)(C)CC(C)(CNNC%15CC(C)(C)CC(C)(CNNC%16CC(C)(C)CC(C)(CNNC%17CC(C)(C)CC(C)(CNNC%18CC(C)(C)CC(C)(CNNC%19CC(C)(C)CC(C)(CNNC%20CC(C)(C)CC(C)(CN%21C(=O)c%22ccc%23c%24c(C(F)(F)C(F)(F)C(F)(F)C(F)(F)C(F)(F)C(F)(F)C(F)(F)C(F)(F)F)cc%25c%26c(ccc(c%27c(C(F)(F)C(F)(F)C(F)(F)C(F)(F)C(F)(F)C(F)(F)C(F)(F)C(F)(F)F)cc(c%22c%23%27)C%21=O)c%26%24)C(=O)N(*)C%25=O)C%20)C%19)C%18)C%17)C%16)C%15)C%14)C%13)C%12)C%11)C%10)C9)C8)C7)C6)C5)C4)C3)C2)C1,7.823136583635011,8.626937761837583,9.759614169882417,9.559220328454531,9.739734622833993,10.731528239832391,0.8384609591659045,0.15039221954112092,0.959196942830052,1.0471857659315047
2,*c1c(C)cc(C(=O)NCOC(C)=O)c(C(F)(F)C(F)(F)C(F)(F)C(F)(F)C(F)(F)C(F)(F)C(F)(F)C(F)(F)C(F)(F)C(F)(F)C(F)(F)C(F)(F)C(F)(F)C(F)(F)C(F)(F)C(F)(F)C(F)(F)C(F)(F)C(F)(F)C(F)(F)C(F)(F)C(F)(F)C(F)(F)F)c1N1C(=O)c2ccc3c4c(C(F)(F)C(F)(F)C(F)(F)C(F)(F)C(F)(F)C(F)(F)C(F)(F)C(F)(F)F)cc5c6c(cc(C(F)(F)C(F)(F)C(F)(F)C(F)(F)C(F)(F)C(F)(F)C(F)(F)C(F)(F)F)c(c7ccc(c2c37)C1=O)c64)C(=O)N(*)C5=O,6.012041660710123,6.2898400541707264,7.178544180460837,6.84827765346478,7.067314684708267,6.986017547883309,0.5127747916011676,0.209566848839577,0.0723665155231194,0.36726138141780384
3,*c1c(C)cc(C(F)(F)C(F)(F)C(F)(F)C(F)(F)C(F)(F)C(F)(F)C(F)(F)C(F)(F)C(F)(F)C(F)(F)C(F)(F)C(F)(F)C(F)(F)C(F)(F)C(F)(F)C(F)(F)C(F)(F)C(F)(F)C(F)(F)C(F)(F)C(F)(F)C(F)(F)C(F)(F)F)c(C(=O)NCOC(C)=O)c1N1C(=O)c2ccc3c4c(C(F)(F)C(F)(F)C(F)(F)C(F)(F)C(F)(F)C(F)(F)C(F)(F)C(F)(F)F)cc5c6c(ccc(c7c(C(F)(F)C(F)(F)C(F)(F)C(F)(F)C(F)(F)C(F)(F)C(F)(F)C(F)(F)F)cc(c2c37)C1=O)c64)C(=O)N(*)C5=O,6.012041660710123,6.2898400541707264,7.178544180460837,6.84827765346478,7.067314684708267,6.986017547883309,0.5127747916011676,0.209566848839577,0.0723665155231194,0.36726138141780384
4,*c1c(C)cc(C(F)(F)C(F)(F)C(F)(F)C(F)(F)C(F)(F)C(F)(F)C(F)(F)C(F)(F)C(F)(F)C(F)(F)C(F)(F)C(F)(F)C(F)(F)C(F)(F)C(F)(F)C(F)(F)C(F)(F)C(F)(F)C(F)(F)C(F)(F)C(F)(F)C(F)(F)C(F)(F)F)c(C(=O)NCOC(C)=O)c1N1C(=O)c2ccc3c4c(C(F)(F)C(F)(F)C(F)(F)C(F)(F)C(F)(F)C(F)(F)C(F)(F)C(F)(F)F)cc5c6c(cc(C(F)(F)C(F)(F)C(F)(F)C(F)(F)C(F)(F)C(F)(F)C(F)(F)C(F)(F)F)c(c7ccc(c2c37)C1=O)c64)C(=O)N(*)C5=O,6.012041660710123,6.2898400541707264,7.178544180460837,6.84827765346478,7.067314684708267,6.986017547883309,0.5127747916011676,0.209566848839577,0.0723665155231194,0.36726138141780384
5,*c1c(C)cc(C(=O)NCOC(C)=O)c(C(F)(F)C(F)(F)C(F)(F)C(F)(F)C(F)(F)C(F)(F)C(F)(F)C(F)(F)C(F)(F)C(F)(F)C(F)(F)C(F)(F)C(F)(F)C(F)(F)C(F)(F)C(F)(F)C(F)(F)C(F)(F)C(F)(F)C(F)(F)C(F)(F)C(F)(F)C(F)(F)F)c1N1C(=O)c2ccc3c4c(C(F)(F)C(F)(F)C(F)(F)C(F)(F)C(F)(F)C(F)(F)C(F)(F)C(F)(F)F)cc5c6c(ccc(c7c(C(F)(F)C(F)(F)C(F)(F)C(F)(F)C(F)(F)C(F)(F)C(F)(F)C(F)(F)F)cc(c2c37)C1=O)c64)C(=O)N(*)C5=O,6.012041660710123,6.2898400541707264,7.178544180460837,6.84827765346478,7.067314684708267,6.986017547883309,0.5127747916011676,0.209566848839577,0.0723665155231194,0.36726138141780384
6,*c1c(C)c(N2C(=O)c3ccc4c5c(C(F)(F)C(F)(F)C(F)(F)C(F)(F)C(F)(F)C(F)(F)C(F)(F)C(F)(F)F)cc6c7c(cc(C(F)(F)C(F)(F)C(F)(F)C(F)(F)C(F)(F)C(F)(F)C(F)(F)C(F)(F)F)c(c8ccc(c3c48)C2=O)c75)C(=O)N(*)C6=O)cc(C(=O)NCOC(C)=O)c1C(F)(F)C(F)(F)C(F)(F)C(F)(F)C(F)(F)C(F)(F)C(F)(F)C(F)(F)C(F)(F)C(F)(F)C(F)(F)C(F)(F)C(F)(F)C(F)(F)C(F)(F)C(F)(F)C(F)(F)C(F)(F)C(F)(F)C(F)(F)C(F)(F)C(F)(F)C(F)(F)F,5.967076380040894,6.267032228924793,7.112616230262812,6.77193590755342,7.013731797378968,6.936129777391588,0.5115523041045511,0.18554238454926342,0.07657174275847045,0.38812861324663706
7,*c1c(C)c(N2C(=O)c3ccc4c5c(C(F)(F)C(F)(F)C(F)(F)C(F)(F)C(F)(F)C(F)(F)C(F)(F)C(F)(F)F)cc6c7c(ccc(c8c(C(F)(F)C(F)(F)C(F)(F)C(F)(F)C(F)(F)C(F)(F)C(F)(F)C(F)(F)F)cc(c3c48)C2=O)c75)C(=O)N(*)C6=O)cc(C(=O)NCOC(C)=O)c1C(F)(F)C(F)(F)C(F)(F)C(F)(F)C(F)(F)C(F)(F)C(F)(F)C(F)(F)C(F)(F)C(F)(F)C(F)(F)C(F)(F)C(F)(F)C(F)(F)C(F)(F)C(F)(F)C(F)(F)C(F)(F)C(F)(F)C(F)(F)C(F)(F)C(F)(F)C(F)(F)F,5.967076380040894,6.267032228924793,7.112616230262812,6.77193590755342,7.013731797378968,6.936129777391588,0.5115523041045511,0.18554238454926342,0.07657174275847045,0.38812861324663706
8,*c1cc(N2C(=O)c3ccc4c5c(C(F)(F)C(F)(F)C(F)(F)C(F)(F)C(F)(F)C(F)(F)C(F)(F)C(F)(F)F)cc6c7c(ccc(c8c(C(F)(F)C(F)(F)C(F)(F)C(F)(F)C(F)(F)C(F)(F)C(F)(F)C(F)(F)F)cc(c3c48)C2=O)c75)C(=O)N(*)C6=O)c(C(=O)NCOC(C)=O)c(C(F)(F)C(F)(F)C(F)(F)C(F)(F)C(F)(F)C(F)(F)C(F)(F)C(F)(F)C(F)(F)C(F)(F)C(F)(F)C(F)(F)C(F)(F)C(F)(F)C(F)(F)C(F)(F)C(F)(F)C(F)(F)C(F)(F)C(F)(F)C(F)(F)C(F)(F)C(F)(F)F)c1C,5.967076380040894,6.267032228924793,7.112616230262812,6.77193590755342,7.013731797378968,6.936129777391588,0.5115523041045511,0.18554238454926342,0.07657174275847045,0.38812861324663706
9,*c1cc(N2C(=O)c3ccc4c5c(C(F)(F)C(F)(F)C(F)(F)C(F)(F)C(F)(F)C(F)(F)C(F)(F)C(F)(F)F)cc6c7c(cc(C(F)(F)C(F)(F)C(F)(F)C(F)(F)C(F)(F)C(F)(F)C(F)(F)C(F)(F)F)c(c8ccc(c3c48)C2=O)c75)C(=O)N(*)C6=O)c(C(=O)NCOC(C)=O)c(C(F)(F)C(F)(F)C(F)(F)C(F)(F)C(F)(F)C(F)(F)C(F)(F)C(F)(F)C(F)(F)C(F)(F)C(F)(F)C(F)(F)C(F)(F)C(F)(F)C(F)(F)C(F)(F)C(F)(F)C(F)(F)C(F)(F)C(F)(F)C(F)(F)C(F)(F)C(F)(F)F)c1C,5.967076380040894,6.267032228924793,7.112616230262812,6.77193590755342,7.013731797378968,6.936129777391588,0.5115523041045511,0.18554238454926342,0.07657174275847045,0.38812861324663706
10,*c1c(N2C(=O)c3ccc4c5c(C(F)(F)C(F)(F)C(F)(F)C(F)(F)C(F)(F)C(F)(F)C(F)(F)C(F)(F)F)cc6c7c(cc(C(F)(F)C(F)(F)C(F)(F)C(F)(F)C(F)(F)C(F)(F)C(F)(F)C(F)(F)F)c(c8ccc(c3c48)C2=O)c75)C(=O)N(*)C6=O)cc(C(=O)NCOC(C)=O)c(C(F)(F)C(F)(F)C(F)(F)C(F)(F)C(F)(F)C(F)(F)C(F)(F)C(F)(F)C(F)(F)C(F)(F)C(F)(F)C(F)(F)C(F)(F)C(F)(F)C(F)(F)C(F)(F)C(F)(F)C(F)(F)C(F)(F)C(F)(F)C(F)(F)C(F)(F)C(F)(F)F)c1C,5.967076380040894,6.267032228924793,7.112616230262812,6.77193590755342,7.013731797378968,6.936129777391588,0.5115523041045511,0.18554238454926342,0.07657174275847045,0.38812861324663706
11,*c1c(N2C(=O)c3ccc4c5c(C(F)(F)C(F)(F)C(F)(F)C(F)(F)C(F)(F)C(F)(F)C(F)(F)C(F)(F)F)cc6c7c(cc(C(F)(F)C(F)(F)C(F)(F)C(F)(F)C(F)(F)C(F)(F)C(F)(F)C(F)(F)F)c(c8ccc(c3c48)C2=O)c75)C(=O)N(*)C6=O)cc(C(F)(F)C(F)(F)C(F)(F)C(F)(F)C(F)(F)C(F)(F)C(F)(F)C(F)(F)C(F)(F)C(F)(F)C(F)(F)C(F)(F)C(F)(F)C(F)(F)C(F)(F)C(F)(F)C(F)(F)C(F)(F)C(F)(F)C(F)(F)C(F)(F)C(F)(F)C(F)(F)F)c(C(=O)NCOC(C)=O)c1C,5.967076380040894,6.267032228924793,7.112616230262812,6.77193590755342,7.013731797378968,6.936129777391588,0.5115523041045511,0.18554238454926342,0.07657174275847045,0.38812861324663706
12,*c1c(N2C(=O)c3ccc4c5c(C(F)(F)C(F)(F)C(F)(F)C(F)(F)C(F)(F)C(F)(F)C(F)(F)C(F)(F)F)cc6c7c(ccc(c8c(C(F)(F)C(F)(F)C(F)(F)C(F)(F)C(F)(F)C(F)(F)C(F)(F)C(F)(F)F)cc(c3c48)C2=O)c75)C(=O)N(*)C6=O)cc(C(=O)NCOC(C)=O)c(C(F)(F)C(F)(F)C(F)(F)C(F)(F)C(F)(F)C(F)(F)C(F)(F)C(F)(F)C(F)(F)C(F)(F)C(F)(F)C(F)(F)C(F)(F)C(F)(F)C(F)(F)C(F)(F)C(F)(F)C(F)(F)C(F)(F)C(F)(F)C(F)(F)C(F)(F)C(F)(F)F)c1C,5.967076380040894,6.267032228924793,7.112616230262812,6.77193590755342,7.013731797378968,6.936129777391588,0.5115523041045511,0.18554238454926342,0.07657174275847045,0.38812861324663706
13,*c1cc(N2C(=O)c3ccc4c5c(C(F)(F)C(F)(F)C(F)(F)C(F)(F)C(F)(F)C(F)(F)C(F)(F)C(F)(F)F)cc6c7c(ccc(c8c(C(F)(F)C(F)(F)C(F)(F)C(F)(F)C(F)(F)C(F)(F)C(F)(F)C(F)(F)F)cc(c3c48)C2=O)c75)C(=O)N(*)C6=O)c(C(F)(F)C(F)(F)C(F)(F)C(F)(F)C(F)(F)C(F)(F)C(F)(F)C(F)(F)C(F)(F)C(F)(F)C(F)(F)C(F)(F)C(F)(F)C(F)(F)C(F)(F)C(F)(F)C(F)(F)C(F)(F)C(F)(F)C(F)(F)C(F)(F)C(F)(F)C(F)(F)F)c(C(=O)NCOC(C)=O)c1C,5.967076380040894,6.267032228924793,7.112616230262812,6.77193590755342,7.013731797378968,6.936129777391588,0.5115523041045511,0.18554238454926342,0.07657174275847045,0.38812861324663706
14,*c1c(C)c(N2C(=O)c3ccc4c5c(C(F)(F)C(F)(F)C(F)(F)C(F)(F)C(F)(F)C(F)(F)C(F)(F)C(F)(F)F)cc6c7c(cc(C(F)(F)C(F)(F)C(F)(F)C(F)(F)C(F)(F)C(F)(F)C(F)(F)C(F)(F)F)c(c8ccc(c3c48)C2=O)c75)C(=O)N(*)C6=O)cc(C(F)(F)C(F)(F)C(F)(F)C(F)(F)C(F)(F)C(F)(F)C(F)(F)C(F)(F)C(F)(F)C(F)(F)C(F)(F)C(F)(F)C(F)(F)C(F)(F)C(F)(F)C(F)(F)C(F)(F)C(F)(F)C(F)(F)C(F)(F)C(F)(F)C(F)(F)C(F)(F)F)c1C(=O)NCOC(C)=O,5.967076380040894,6.267032228924793,7.112616230262812,6.77193590755342,7.013731797378968,6.936129777391588,0.5115523041045511,0.18554238454926342,0.07657174275847045,0.38812861324663706
15,*c1c(N2C(=O)c3ccc4c5c(C(F)(F)C(F)(F)C(F)(F)C(F)(F)C(F)(F)C(F)(F)C(F)(F)C(F)(F)F)cc6c7c(ccc(c8c(C(F)(F)C(F)(F)C(F)(F)C(F)(F)C(F)(F)C(F)(F)C(F)(F)C(F)(F)F)cc(c3c48)C2=O)c75)C(=O)N(*)C6=O)cc(C(F)(F)C(F)(F)C(F)(F)C(F)(F)C(F)(F)C(F)(F)C(F)(F)C(F)(F)C(F)(F)C(F)(F)C(F)(F)C(F)(F)C(F)(F)C(F)(F)C(F)(F)C(F)(F)C(F)(F)C(F)(F)C(F)(F)C(F)(F)C(F)(F)C(F)(F)C(F)(F)F)c(C(=O)NCOC(C)=O)c1C,5.967076380040894,6.267032228924793,7.112616230262812,6.77193590755342,7.013731797378968,6.936129777391588,0.5115523041045511,0.18554238454926342,0.07657174275847045,0.38812861324663706
16,*c1c(C)c(N2C(=O)c3ccc4c5c(C(F)(F)C(F)(F)C(F)(F)C(F)(F)C(F)(F)C(F)(F)C(F)(F)C(F)(F)F)cc6c7c(ccc(c8c(C(F)(F)C(F)(F)C(F)(F)C(F)(F)C(F)(F)C(F)(F)C(F)(F)C(F)(F)F)cc(c3c48)C2=O)c75)C(=O)N(*)C6=O)cc(C(F)(F)C(F)(F)C(F)(F)C(F)(F)C(F)(F)C(F)(F)C(F)(F)C(F)(F)C(F)(F)C(F)(F)C(F)(F)C(F)(F)C(F)(F)C(F)(F)C(F)(F)C(F)(F)C(F)(F)C(F)(F)C(F)(F)C(F)(F)C(F)(F)C(F)(F)C(F)(F)F)c1C(=O)NCOC(C)=O,5.967076380040894,6.267032228924793,7.112616230262812,6.77193590755342,7.013731797378968,6.936129777391588,0.5115523041045511,0.18554238454926342,0.07657174275847045,0.38812861324663706
17,*c1cc(N2C(=O)c3ccc4c5c(C(F)(F)C(F)(F)C(F)(F)C(F)(F)C(F)(F)C(F)(F)C(F)(F)C(F)(F)F)cc6c7c(cc(C(F)(F)C(F)(F)C(F)(F)C(F)(F)C(F)(F)C(F)(F)C(F)(F)C(F)(F)F)c(c8ccc(c3c48)C2=O)c75)C(=O)N(*)C6=O)c(C(F)(F)C(F)(F)C(F)(F)C(F)(F)C(F)(F)C(F)(F)C(F)(F)C(F)(F)C(F)(F)C(F)(F)C(F)(F)C(F)(F)C(F)(F)C(F)(F)C(F)(F)C(F)(F)C(F)(F)C(F)(F)C(F)(F)C(F)(F)C(F)(F)C(F)(F)C(F)(F)F)c(C(=O)NCOC(C)=O)c1C,5.967076380040894,6.267032228924793,7.112616230262812,6.77193590755342,7.013731797378968,6.936129777391588,0.5115523041045511,0.18554238454926342,0.07657174275847045,0.38812861324663706
18,*c1c(C)cc(C(F)(F)C(F)(F)C(F)(F)C(F)(F)C(F)(F)C(F)(F)C(F)(F)C(F)(F)C(F)(F)C(F)(F)C(F)(F)C(F)(F)C(F)(F)C(F)(F)C(F)(F)C(F)(F)C(F)(F)C(F)(F)C(F)(F)C(F)(F)C(F)(F)C(F)(F)F)c(C(=O)NCOC(C)=O)c1N1C(=O)c2ccc3c4c(C(F)(F)C(F)(F)C(F)(F)C(F)(F)C(F)(F)C(F)(F)C(F)(F)C(F)(F)F)cc5c6c(ccc(c7c(C(F)(F)C(F)(F)C(F)(F)C(F)(F)C(F)(F)C(F)(F)C(F)(F)C(F)(F)F)cc(c2c37)C1=O)c64)C(=O)N(*)C5=O,5.8906833332210145,6.161372678166252,7.000347485703909,6.666668128124297,6.916704780214177,6.792526776240187,0.48473590556012347,0.19530631822355105,0.05121589243111524,0.33359705673432005
19,*c1c(C)cc(C(=O)NCOC(C)=O)c(C(F)(F)C(F)(F)C(F)(F)C(F)(F)C(F)(F)C(F)(F)C(F)(F)C(F)(F)C(F)(F)C(F)(F)C(F)(F)C(F)(F)C(F)(F)C(F)(F)C(F)(F)C(F)(F)C(F)(F)C(F)(F)C(F)(F)C(F)(F)C(F)(F)C(F)(F)F)c1N1C(=O)c2ccc3c4c(C(F)(F)C(F)(F)C(F)(F)C(F)(F)C(F)(F)C(F)(F)C(F)(F)C(F)(F)F)cc5c6c(cc(C(F)(F)C(F)(F)C(F)(F)C(F)(F)C(F)(F)C(F)(F)C(F)(F)C(F)(F)F)c(c7ccc(c2c37)C1=O)c64)C(=O)N(*)C5=O,5.8906833332210145,6.161372678166252,7.000347485703909,6.666668128124297,6.916704780214177,6.792526776240187,0.48473590556012347,0.19530631822355105,0.05121589243111524,0.33359705673432005
20,*c1c(C)cc(C(=O)NCOC(C)=O)c(C(F)(F)C(F)(F)C(F)(F)C(F)(F)C(F)(F)C(F)(F)C(F)(F)C(F)(F)C(F)(F)C(F)(F)C(F)(F)C(F)(F)C(F)(F)C(F)(F)C(F)(F)C(F)(F)C(F)(F)C(F)(F)C(F)(F)C(F)(F)C(F)(F)C(F)(F)F)c1N1C(=O)c2ccc3c4c(C(F)(F)C(F)(F)C(F)(F)C(F)(F)C(F)(F)C(F)(F)C(F)(F)C(F)(F)F)cc5c6c(ccc(c7c(C(F)(F)C(F)(F)C(F)(F)C(F)(F)C(F)(F)C(F)(F)C(F)(F)C(F)(F)F)cc(c2c37)C1=O)c64)C(=O)N(*)C5=O,5.8906833332210145,6.161372678166252,7.000347485703909,6.666668128124297,6.916704780214177,6.792526776240187,0.48473590556012347,0.19530631822355105,0.05121589243111524,0.33359705673432005
21,*c1c(C)cc(C(F)(F)C(F)(F)C(F)(F)C(F)(F)C(F)(F)C(F)(F)C(F)(F)C(F)(F)C(F)(F)C(F)(F)C(F)(F)C(F)(F)C(F)(F)C(F)(F)C(F)(F)C(F)(F)C(F)(F)C(F)(F)C(F)(F)C(F)(F)C(F)(F)C(F)(F)F)c(C(=O)NCOC(C)=O)c1N1C(=O)c2ccc3c4c(C(F)(F)C(F)(F)C(F)(F)C(F)(F)C(F)(F)C(F)(F)C(F)(F)C(F)(F)F)cc5c6c(cc(C(F)(F)C(F)(F)C(F)(F)C(F)(F)C(F)(F)C(F)(F)C(F)(F)C(F)(F)F)c(c7ccc(c2c37)C1=O)c64)C(=O)N(*)C5=O,5.8906833332210145,6.161372678166252,7.000347485703909,6.666668128124297,6.916704780214177,6.792526776240187,0.48473590556012347,0.19530631822355105,0.05121589243111524,0.33359705673432005
22,*c1cc(N2C(=O)c3ccc4c5c(C(F)(F)C(F)(F)C(F)(F)C(F)(F)C(F)(F)C(F)(F)C(F)(F)C(F)(F)F)cc6c7c(cc(C(F)(F)C(F)(F)C(F)(F)C(F)(F)C(F)(F)C(F)(F)C(F)(F)C(F)(F)F)c(c8ccc(c3c48)C2=O)c75)C(=O)N(*)C6=O)c(C(=O)NCOC(C)=O)c(C(F)(F)C(F)(F)C(F)(F)C(F)(F)C(F)(F)C(F)(F)C(F)(F)C(F)(F)C(F)(F)C(F)(F)C(F)(F)C(F)(F)C(F)(F)C(F)(F)C(F)(F)C(F)(F)C(F)(F)C(F)(F)C(F)(F)C(F)(F)C(F)(F)C(F)(F)F)c1C,5.8465743785767135,6.1403699721717935,6.933617940156239,6.59162698197632,6.865064466052373,6.742866313192115,0.4812697413712679,0.17373413191683085,0.05673572920890815,0.3551109872324827
23,*c1c(C)c(N2C(=O)c3ccc4c5c(C(F)(F)C(F)(F)C(F)(F)C(F)(F)C(F)(F)C(F)(F)C(F)(F)C(F)(F)F)cc6c7c(ccc(c8c(C(F)(F)C(F)(F)C(F)(F)C(F)(F)C(F)(F)C(F)(F)C(F)(F)C(F)(F)F)cc(c3c48)C2=O)c75)C(=O)N(*)C6=O)cc(C(F)(F)C(F)(F)C(F)(F)C(F)(F)C(F)(F)C(F)(F)C(F)(F)C(F)(F)C(F)(F)C(F)(F)C(F)(F)C(F)(F)C(F)(F)C(F)(F)C(F)(F)C(F)(F)C(F)(F)C(F)(F)C(F)(F)C(F)(F)C(F)(F)C(F)(F)F)c1C(=O)NCOC(C)=O,5.8465743785767135,6.1403699721717935,6.933617940156239,6.59162698197632,6.865064466052373,6.742866313192115,0.4812697413712679,0.17373413191683085,0.05673572920890815,0.3551109872324827
24,*c1cc(N2C(=O)c3ccc4c5c(C(F)(F)C(F)(F)C(F)(F)C(F)(F)C(F)(F)C(F)(F)C(F)(F)C(F)(F)F)cc6c7c(cc(C(F)(F)C(F)(F)C(F)(F)C(F)(F)C(F)(F)C(F)(F)C(F)(F)C(F)(F)F)c(c8ccc(c3c48)C2=O)c75)C(=O)N(*)C6=O)c(C(F)(F)C(F)(F)C(F)(F)C(F)(F)C(F)(F)C(F)(F)C(F)(F)C(F)(F)C(F)(F)C(F)(F)C(F)(F)C(F)(F)C(F)(F)C(F)(F)C(F)(F)C(F)(F)C(F)(F)C(F)(F)C(F)(F)C(F)(F)C(F)(F)C(F)(F)F)c(C(=O)NCOC(C)=O)c1C,5.8465743785767135,6.1403699721717935,6.933617940156239,6.59162698197632,6.865064466052373,6.742866313192115,0.4812697413712679,0.17373413191683085,0.05673572920890815,0.3551109872324827
25,*c1c(C)c(N2C(=O)c3ccc4c5c(C(F)(F)C(F)(F)C(F)(F)C(F)(F)C(F)(F)C(F)(F)C(F)(F)C(F)(F)F)cc6c7c(cc(C(F)(F)C(F)(F)C(F)(F)C(F)(F)C(F)(F)C(F)(F)C(F)(F)C(F)(F)F)c(c8ccc(c3c48)C2=O)c75)C(=O)N(*)C6=O)cc(C(F)(F)C(F)(F)C(F)(F)C(F)(F)C(F)(F)C(F)(F)C(F)(F)C(F)(F)C(F)(F)C(F)(F)C(F)(F)C(F)(F)C(F)(F)C(F)(F)C(F)(F)C(F)(F)C(F)(F)C(F)(F)C(F)(F)C(F)(F)C(F)(F)C(F)(F)F)c1C(=O)NCOC(C)=O,5.8465743785767135,6.1403699721717935,6.933617940156239,6.59162698197632,6.865064466052373,6.742866313192115,0.4812697413712679,0.17373413191683085,0.05673572920890815,0.3551109872324827
26,*c1c(N2C(=O)c3ccc4c5c(C(F)(F)C(F)(F)C(F)(F)C(F)(F)C(F)(F)C(F)(F)C(F)(F)C(F)(F)F)cc6c7c(cc(C(F)(F)C(F)(F)C(F)(F)C(F)(F)C(F)(F)C(F)(F)C(F)(F)C(F)(F)F)c(c8ccc(c3c48)C2=O)c75)C(=O)N(*)C6=O)cc(C(=O)NCOC(C)=O)c(C(F)(F)C(F)(F)C(F)(F)C(F)(F)C(F)(F)C(F)(F)C(F)(F)C(F)(F)C(F)(F)C(F)(F)C(F)(F)C(F)(F)C(F)(F)C(F)(F)C(F)(F)C(F)(F)C(F)(F)C(F)(F)C(F)(F)C(F)(F)C(F)(F)C(F)(F)F)c1C,5.8465743785767135,6.1403699721717935,6.933617940156239,6.59162698197632,6.865064466052373,6.742866313192115,0.4812697413712679,0.17373413191683085,0.05673572920890815,0.3551109872324827
27,*c1cc(N2C(=O)c3ccc4c5c(C(F)(F)C(F)(F)C(F)(F)C(F)(F)C(F)(F)C(F)(F)C(F)(F)C(F)(F)F)cc6c7c(ccc(c8c(C(F)(F)C(F)(F)C(F)(F)C(F)(F)C(F)(F)C(F)(F)C(F)(F)C(F)(F)F)cc(c3c48)C2=O)c75)C(=O)N(*)C6=O)c(C(F)(F)C(F)(F)C(F)(F)C(F)(F)C(F)(F)C(F)(F)C(F)(F)C(F)(F)C(F)(F)C(F)(F)C(F)(F)C(F)(F)C(F)(F)C(F)(F)C(F)(F)C(F)(F)C(F)(F)C(F)(F)C(F)(F)C(F)(F)C(F)(F)C(F)(F)F)c(C(=O)NCOC(C)=O)c1C,5.8465743785767135,6.1403699721717935,6.933617940156239,6.59162698197632,6.865064466052373,6.742866313192115,0.4812697413712679,0.17373413191683085,0.05673572920890815,0.3551109872324827
28,*c1cc(N2C(=O)c3ccc4c5c(C(F)(F)C(F)(F)C(F)(F)C(F)(F)C(F)(F)C(F)(F)C(F)(F)C(F)(F)F)cc6c7c(ccc(c8c(C(F)(F)C(F)(F)C(F)(F)C(F)(F)C(F)(F)C(F)(F)C(F)(F)C(F)(F)F)cc(c3c48)C2=O)c75)C(=O)N(*)C6=O)c(C(=O)NCOC(C)=O)c(C(F)(F)C(F)(F)C(F)(F)C(F)(F)C(F)(F)C(F)(F)C(F)(F)C(F)(F)C(F)(F)C(F)(F)C(F)(F)C(F)(F)C(F)(F)C(F)(F)C(F)(F)C(F)(F)C(F)(F)C(F)(F)C(F)(F)C(F)(F)C(F)(F)C(F)(F)F)c1C,5.8465743785767135,6.1403699721717935,6.933617940156239,6.59162698197632,6.865064466052373,6.742866313192115,0.4812697413712679,0.17373413191683085,0.05673572920890815,0.3551109872324827
29,*c1c(N2C(=O)c3ccc4c5c(C(F)(F)C(F)(F)C(F)(F)C(F)(F)C(F)(F)C(F)(F)C(F)(F)C(F)(F)F)cc6c7c(ccc(c8c(C(F)(F)C(F)(F)C(F)(F)C(F)(F)C(F)(F)C(F)(F)C(F)(F)C(F)(F)F)cc(c3c48)C2=O)c75)C(=O)N(*)C6=O)cc(C(=O)NCOC(C)=O)c(C(F)(F)C(F)(F)C(F)(F)C(F)(F)C(F)(F)C(F)(F)C(F)(F)C(F)(F)C(F)(F)C(F)(F)C(F)(F)C(F)(F)C(F)(F)C(F)(F)C(F)(F)C(F)(F)C(F)(F)C(F)(F)C(F)(F)C(F)(F)C(F)(F)C(F)(F)F)c1C,5.8465743785767135,6.1403699721717935,6.933617940156239,6.59162698197632,6.865064466052373,6.742866313192115,0.4812697413712679,0.17373413191683085,0.05673572920890815,0.3551109872324827
30,*c1c(C)c(N2C(=O)c3ccc4c5c(C(F)(F)C(F)(F)C(F)(F)C(F)(F)C(F)(F)C(F)(F)C(F)(F)C(F)(F)F)cc6c7c(cc(C(F)(F)C(F)(F)C(F)(F)C(F)(F)C(F)(F)C(F)(F)C(F)(F)C(F)(F)F)c(c8ccc(c3c48)C2=O)c75)C(=O)N(*)C6=O)cc(C(=O)NCOC(C)=O)c1C(F)(F)C(F)(F)C(F)(F)C(F)(F)C(F)(F)C(F)(F)C(F)(F)C(F)(F)C(F)(F)C(F)(F)C(F)(F)C(F)(F)C(F)(F)C(F)(F)C(F)(F)C(F)(F)C(F)(F)C(F)(F)C(F)(F)C(F)(F)C(F)(F)C(F)(F)F,5.8465743785767135,6.1403699721717935,6.933617940156239,6.59162698197632,6.865064466052373,6.742866313192115,0.4812697413712679,0.17373413191683085,0.05673572920890815,0.3551109872324827
31,*c1c(C)c(N2C(=O)c3ccc4c5c(C(F)(F)C(F)(F)C(F)(F)C(F)(F)C(F)(F)C(F)(F)C(F)(F)C(F)(F)F)cc6c7c(ccc(c8c(C(F)(F)C(F)(F)C(F)(F)C(F)(F)C(F)(F)C(F)(F)C(F)(F)C(F)(F)F)cc(c3c48)C2=O)c75)C(=O)N(*)C6=O)cc(C(=O)NCOC(C)=O)c1C(F)(F)C(F)(F)C(F)(F)C(F)(F)C(F)(F)C(F)(F)C(F)(F)C(F)(F)C(F)(F)C(F)(F)C(F)(F)C(F)(F)C(F)(F)C(F)(F)C(F)(F)C(F)(F)C(F)(F)C(F)(F)C(F)(F)C(F)(F)C(F)(F)C(F)(F)F,5.8465743785767135,6.1403699721717935,6.933617940156239,6.59162698197632,6.865064466052373,6.742866313192115,0.4812697413712679,0.17373413191683085,0.05673572920890815,0.3551109872324827
32,*c1c(N2C(=O)c3ccc4c5c(C(F)(F)C(F)(F)C(F)(F)C(F)(F)C(F)(F)C(F)(F)C(F)(F)C(F)(F)F)cc6c7c(cc(C(F)(F)C(F)(F)C(F)(F)C(F)(F)C(F)(F)C(F)(F)C(F)(F)C(F)(F)F)c(c8ccc(c3c48)C2=O)c75)C(=O)N(*)C6=O)cc(C(F)(F)C(F)(F)C(F)(F)C(F)(F)C(F)(F)C(F)(F)C(F)(F)C(F)(F)C(F)(F)C(F)(F)C(F)(F)C(F)(F)C(F)(F)C(F)(F)C(F)(F)C(F)(F)C(F)(F)C(F)(F)C(F)(F)C(F)(F)C(F)(F)C(F)(F)F)c(C(=O)NCOC(C)=O)c1C,5.8465743785767135,6.1403699721717935,6.933617940156239,6.59162698197632,6.865064466052373,6.742866313192115,0.4812697413712679,0.17373413191683085,0.05673572920890815,0.3551109872324827
33,*c1c(N2C(=O)c3ccc4c5c(C(F)(F)C(F)(F)C(F)(F)C(F)(F)C(F)(F)C(F)(F)C(F)(F)C(F)(F)F)cc6c7c(ccc(c8c(C(F)(F)C(F)(F)C(F)(F)C(F)(F)C(F)(F)C(F)(F)C(F)(F)C(F)(F)F)cc(c3c48)C2=O)c75)C(=O)N(*)C6=O)cc(C(F)(F)C(F)(F)C(F)(F)C(F)(F)C(F)(F)C(F)(F)C(F)(F)C(F)(F)C(F)(F)C(F)(F)C(F)(F)C(F)(F)C(F)(F)C(F)(F)C(F)(F)C(F)(F)C(F)(F)C(F)(F)C(F)(F)C(F)(F)C(F)(F)C(F)(F)F)c(C(=O)NCOC(C)=O)c1C,5.8465743785767135,6.1403699721717935,6.933617940156239,6.59162698197632,6.865064466052373,6.742866313192115,0.4812697413712679,0.17373413191683085,0.05673572920890815,0.3551109872324827
34,*c1c(N2C(=O)c3ccc4c5c(C(F)(F)C(F)(F)C(F)(F)C(F)(F)C(F)(F)C(F)(F)C(F)(F)C(F)(F)F)cc6c7c(cc(C(F)(F)C(F)(F)C(F)(F)C(F)(F)C(F)(F)C(F)(F)C(F)(F)C(F)(F)F)c(c8ccc(c3c48)C2=O)c75)C(=O)N(*)C6=O)cc(C)c(C(F)(F)C(F)(F)C(F)(F)C(F)(F)C(F)(F)C(F)(F)C(F)(F)C(F)(F)C(F)(F)C(F)(F)C(F)(F)C(F)(F)C(F)(F)C(F)(F)C(F)(F)C(F)(F)C(F)(F)C(F)(F)C(F)(F)C(F)(F)C(F)(F)C(F)(F)C(F)(F)F)c1C(=O)NCOC(C)=O,5.945490204282979,6.241244496629065,7.0708608224506735,6.754996841749554,6.97309180953828,6.9021050518538125,0.4793661326174359,0.16350831085959383,0.0387988027712719,0.3917785524163888
35,*c1c(C)cc(N2C(=O)c3ccc4c5c(C(F)(F)C(F)(F)C(F)(F)C(F)(F)C(F)(F)C(F)(F)C(F)(F)C(F)(F)F)cc6c7c(cc(C(F)(F)C(F)(F)C(F)(F)C(F)(F)C(F)(F)C(F)(F)C(F)(F)C(F)(F)F)c(c8ccc(c3c48)C2=O)c75)C(=O)N(*)C6=O)c(C(F)(F)C(F)(F)C(F)(F)C(F)(F)C(F)(F)C(F)(F)C(F)(F)C(F)(F)C(F)(F)C(F)(F)C(F)(F)C(F)(F)C(F)(F)C(F)(F)C(F)(F)C(F)(F)C(F)(F)C(F)(F)C(F)(F)C(F)(F)C(F)(F)C(F)(F)C(F)(F)F)c1C(=O)NCOC(C)=O,5.945490204282979,6.241244496629065,7.0708608224506735,6.754996841749554,6.97309180953828,6.9021050518538125,0.4793661326174359,0.16350831085959383,0.0387988027712719,0.3917785524163888
36,*c1c(N2C(=O)c3ccc4c5c(C(F)(F)C(F)(F)C(F)(F)C(F)(F)C(F)(F)C(F)(F)C(F)(F)C(F)(F)F)cc6c7c(ccc(c8c(C(F)(F)C(F)(F)C(F)(F)C(F)(F)C(F)(F)C(F)(F)C(F)(F)C(F)(F)F)cc(c3c48)C2=O)c75)C(=O)N(*)C6=O)cc(C)c(C(F)(F)C(F)(F)C(F)(F)C(F)(F)C(F)(F)C(F)(F)C(F)(F)C(F)(F)C(F)(F)C(F)(F)C(F)(F)C(F)(F)C(F)(F)C(F)(F)C(F)(F)C(F)(F)C(F)(F)C(F)(F)C(F)(F)C(F)(F)C(F)(F)C(F)(F)C(F)(F)F)c1C(=O)NCOC(C)=O,5.945490204282979,6.241244496629065,7.0708608224506735,6.754996841749554,6.97309180953828,6.9021050518538125,0.4793661326174359,0.16350831085959383,0.0387988027712719,0.3917785524163888
37,*c1c(N2C(=O)c3ccc4c5c(C(F)(F)C(F)(F)C(F)(F)C(F)(F)C(F)(F)C(F)(F)C(F)(F)C(F)(F)F)cc6c7c(cc(C(F)(F)C(F)(F)C(F)(F)C(F)(F)C(F)(F)C(F)(F)C(F)(F)C(F)(F)F)c(c8ccc(c3c48)C2=O)c75)C(=O)N(*)C6=O)cc(C)c(C(=O)NCOC(C)=O)c1C(F)(F)C(F)(F)C(F)(F)C(F)(F)C(F)(F)C(F)(F)C(F)(F)C(F)(F)C(F)(F)C(F)(F)C(F)(F)C(F)(F)C(F)(F)C(F)(F)C(F)(F)C(F)(F)C(F)(F)C(F)(F)C(F)(F)C(F)(F)C(F)(F)C(F)(F)C(F)(F)F,5.945490204282979,6.241244496629065,7.0708608224506735,6.754996841749554,6.97309180953828,6.9021050518538125,0.4793661326174359,0.16350831085959383,0.0387988027712719,0.3917785524163888
38,*c1c(C)cc(N2C(=O)c3ccc4c5c(C(F)(F)C(F)(F)C(F)(F)C(F)(F)C(F)(F)C(F)(F)C(F)(F)C(F)(F)F)cc6c7c(ccc(c8c(C(F)(F)C(F)(F)C(F)(F)C(F)(F)C(F)(F)C(F)(F)C(F)(F)C(F)(F)F)cc(c3c48)C2=O)c75)C(=O)N(*)C6=O)c(C(=O)NCOC(C)=O)c1C(F)(F)C(F)(F)C(F)(F)C(F)(F)C(F)(F)C(F)(F)C(F)(F)C(F)(F)C(F)(F)C(F)(F)C(F)(F)C(F)(F)C(F)(F)C(F)(F)C(F)(F)C(F)(F)C(F)(F)C(F)(F)C(F)(F)C(F)(F)C(F)(F)C(F)(F)C(F)(F)F,5.945490204282979,6.241244496629065,7.0708608224506735,6.754996841749554,6.97309180953828,6.9021050518538125,0.4793661326174359,0.16350831085959383,0.0387988027712719,0.3917785524163888
39,*c1c(N2C(=O)c3ccc4c5c(C(F)(F)C(F)(F)C(F)(F)C(F)(F)C(F)(F)C(F)(F)C(F)(F)C(F)(F)F)cc6c7c(ccc(c8c(C(F)(F)C(F)(F)C(F)(F)C(F)(F)C(F)(F)C(F)(F)C(F)(F)C(F)(F)F)cc(c3c48)C2=O)c75)C(=O)N(*)C6=O)cc(C)c(C(=O)NCOC(C)=O)c1C(F)(F)C(F)(F)C(F)(F)C(F)(F)C(F)(F)C(F)(F)C(F)(F)C(F)(F)C(F)(F)C(F)(F)C(F)(F)C(F)(F)C(F)(F)C(F)(F)C(F)(F)C(F)(F)C(F)(F)C(F)(F)C(F)(F)C(F)(F)C(F)(F)C(F)(F)C(F)(F)F,5.945490204282979,6.241244496629065,7.0708608224506735,6.754996841749554,6.97309180953828,6.9021050518538125,0.4793661326174359,0.16350831085959383,0.0387988027712719,0.3917785524163888
40,*c1c(C)cc(N2C(=O)c3ccc4c5c(C(F)(F)C(F)(F)C(F)(F)C(F)(F)C(F)(F)C(F)(F)C(F)(F)C(F)(F)F)cc6c7c(cc(C(F)(F)C(F)(F)C(F)(F)C(F)(F)C(F)(F)C(F)(F)C(F)(F)C(F)(F)F)c(c8ccc(c3c48)C2=O)c75)C(=O)N(*)C6=O)c(C(=O)NCOC(C)=O)c1C(F)(F)C(F)(F)C(F)(F)C(F)(F)C(F)(F)C(F)(F)C(F)(F)C(F)(F)C(F)(F)C(F)(F)C(F)(F)C(F)(F)C(F)(F)C(F)(F)C(F)(F)C(F)(F)C(F)(F)C(F)(F)C(F)(F)C(F)(F)C(F)(F)C(F)(F)C(F)(F)F,5.945490204282979,6.241244496629065,7.0708608224506735,6.754996841749554,6.97309180953828,6.9021050518538125,0.4793661326174359,0.16350831085959383,0.0387988027712719,0.3917785524163888
41,*c1c(C)cc(N2C(=O)c3ccc4c5c(C(F)(F)C(F)(F)C(F)(F)C(F)(F)C(F)(F)C(F)(F)C(F)(F)C(F)(F)F)cc6c7c(ccc(c8c(C(F)(F)C(F)(F)C(F)(F)C(F)(F)C(F)(F)C(F)(F)C(F)(F)C(F)(F)F)cc(c3c48)C2=O)c75)C(=O)N(*)C6=O)c(C(F)(F)C(F)(F)C(F)(F)C(F)(F)C(F)(F)C(F)(F)C(F)(F)C(F)(F)C(F)(F)C(F)(F)C(F)(F)C(F)(F)C(F)(F)C(F)(F)C(F)(F)C(F)(F)C(F)(F)C(F)(F)C(F)(F)C(F)(F)C(F)(F)C(F)(F)C(F)(F)F)c1C(=O)NCOC(C)=O,5.945490204282979,6.241244496629065,7.0708608224506735,6.754996841749554,6.97309180953828,6.9021050518538125,0.4793661326174359,0.16350831085959383,0.0387988027712719,0.3917785524163888
42,*N1C(=O)c2ccc3c4c(C(F)(F)C(F)(F)C(F)(F)C(F)(F)C(F)(F)C(F)(F)C(F)(F)C(F)(F)F)cc5c6c(ccc(c7c(C(F)(F)C(F)(F)C(F)(F)C(F)(F)C(F)(F)C(F)(F)C(F)(F)C(F)(F)F)cc(c2c37)C1=O)c64)C(=O)N(C1(C)C(C)(C)C(C)(C)C(C)(CC2(C)C(C)(C)C(C)(C)C(*)(C)C(C)(C)C2(C)C)C(C)(C)C1(C)C)C5=O,5.351280245385257,5.459783577409256,6.001035798927122,5.51133817746322,6.1586320655390026,5.91225117854732,0.4643756567283106,0.02989641329348247,0.18598257624417347,0.08530695181800863
43,*N1C(=O)c2cc(C(F)(F)C(F)(F)C(F)(F)C(F)(F)C(F)(F)C(F)(F)C(F)(F)C(F)(F)F)c3c4ccc5c6c(ccc(c7c(C(F)(F)C(F)(F)C(F)(F)C(F)(F)C(F)(F)C(F)(F)C(F)(F)C(F)(F)F)cc(c2c37)C1=O)c64)C(=O)N(C1(C)C(C)(C)C(C)(C)C(C)(CC2(C)C(C)(C)C(C)(C)C(*)(C)C(C)(C)C2(C)C)C(C)(C)C1(C)C)C5=O,5.351280245385257,5.459783577409256,6.001035798927122,5.51133817746322,6.1586320655390026,5.91225117854732,0.4643756567283106,0.02989641329348247,0.18598257624417347,0.08530695181800863
44,*c1c(C)cc(C(=O)NCOC(C)=O)c(C(F)(F)C(F)(F)C(F)(F)C(F)(F)C(F)(F)C(F)(F)C(F)(F)C(F)(F)C(F)(F)C(F)(F)C(F)(F)C(F)(F)C(F)(F)C(F)(F)C(F)(F)C(F)(F)C(F)(F)C(F)(F)C(F)(F)C(F)(F)C(F)(F)F)c1N1C(=O)c2ccc3c4c(C(F)(F)C(F)(F)C(F)(F)C(F)(F)C(F)(F)C(F)(F)C(F)(F)C(F)(F)F)cc5c6c(ccc(c7c(C(F)(F)C(F)(F)C(F)(F)C(F)(F)C(F)(F)C(F)(F)C(F)(F)C(F)(F)F)cc(c2c37)C1=O)c64)C(=O)N(*)C5=O,5.769829974005473,6.033118523617061,6.820719279076766,6.484703703041134,6.766807058566632,6.598174159226228,0.4553677455464529,0.1828900179968862,0.031378952636973434,0.2995263950971436
45,*c1c(C)cc(C(F)(F)C(F)(F)C(F)(F)C(F)(F)C(F)(F)C(F)(F)C(F)(F)C(F)(F)C(F)(F)C(F)(F)C(F)(F)C(F)(F)C(F)(F)C(F)(F)C(F)(F)C(F)(F)C(F)(F)C(F)(F)C(F)(F)C(F)(F)C(F)(F)F)c(C(=O)NCOC(C)=O)c1N1C(=O)c2ccc3c4c(C(F)(F)C(F)(F)C(F)(F)C(F)(F)C(F)(F)C(F)(F)C(F)(F)C(F)(F)F)cc5c6c(ccc(c7c(C(F)(F)C(F)(F)C(F)(F)C(F)(F)C(F)(F)C(F)(F)C(F)(F)C(F)(F)F)cc(c2c37)C1=O)c64)C(=O)N(*)C5=O,5.769829974005473,6.033118523617061,6.820719279076766,6.484703703041134,6.766807058566632,6.598174159226228,0.4553677455464529,0.1828900179968862,0.031378952636973434,0.2995263950971436
46,*c1c(C)cc(C(F)(F)C(F)(F)C(F)(F)C(F)(F)C(F)(F)C(F)(F)C(F)(F)C(F)(F)C(F)(F)C(F)(F)C(F)(F)C(F)(F)C(F)(F)C(F)(F)C(F)(F)C(F)(F)C(F)(F)C(F)(F)C(F)(F)C(F)(F)C(F)(F)F)c(C(=O)NCOC(C)=O)c1N1C(=O)c2ccc3c4c(C(F)(F)C(F)(F)C(F)(F)C(F)(F)C(F)(F)C(F)(F)C(F)(F)C(F)(F)F)cc5c6c(cc(C(F)(F)C(F)(F)C(F)(F)C(F)(F)C(F)(F)C(F)(F)C(F)(F)C(F)(F)F)c(c7ccc(c2c37)C1=O)c64)C(=O)N(*)C5=O,5.769829974005473,6.033118523617061,6.820719279076766,6.484703703041134,6.766807058566632,6.598174159226228,0.4553677455464529,0.1828900179968862,0.031378952636973434,0.2995263950971436
47,*c1c(C)cc(C(=O)NCOC(C)=O)c(C(F)(F)C(F)(F)C(F)(F)C(F)(F)C(F)(F)C(F)(F)C(F)(F)C(F)(F)C(F)(F)C(F)(F)C(F)(F)C(F)(F)C(F)(F)C(F)(F)C(F)(F)C(F)(F)C(F)(F)C(F)(F)C(F)(F)C(F)(F)C(F)(F)F)c1N1C(=O)c2ccc3c4c(C(F)(F)C(F)(F)C(F)(F)C(F)(F)C(F)(F)C(F)(F)C(F)(F)C(F)(F)F)cc5c6c(cc(C(F)(F)C(F)(F)C(F)(F)C(F)(F)C(F)(F)C(F)(F)C(F)(F)C(F)(F)F)c(c7ccc(c2c37)C1=O)c64)C(=O)N(*)C5=O,5.769829974005473,6.033118523617061,6.820719279076766,6.484703703041134,6.766807058566632,6.598174159226228,0.4553677455464529,0.1828900179968862,0.031378952636973434,0.2995263950971436
48,*c1c(N2C(=O)c3ccc4c5c(C(F)(F)C(F)(F)C(F)(F)C(F)(F)C(F)(F)C(F)(F)C(F)(F)C(F)(F)F)cc6c7c(ccc(c8c(C(F)(F)C(F)(F)C(F)(F)C(F)(F)C(F)(F)C(F)(F)C(F)(F)C(F)(F)F)cc(c3c48)C2=O)c75)C(=O)N(*)C6=O)cc(C(F)(F)C(F)(F)C(F)(F)C(F)(F)C(F)(F)C(F)(F)C(F)(F)C(F)(F)C(F)(F)C(F)(F)C(F)(F)C(F)(F)C(F)(F)C(F)(F)C(F)(F)C(F)(F)C(F)(F)C(F)(F)C(F)(F)C(F)(F)C(F)(F)F)c(C(=O)NCOC(C)=O)c1C,5.726826893716216,6.013670798859137,6.7548072373398975,6.411498967899309,6.717094684928349,6.54987575077413,0.4510269635848527,0.16261517825233707,0.03765788836548756,0.32134285772297466
49,*c1c(C)c(N2C(=O)c3ccc4c5c(C(F)(F)C(F)(F)C(F)(F)C(F)(F)C(F)(F)C(F)(F)C(F)(F)C(F)(F)F)cc6c7c(ccc(c8c(C(F)(F)C(F)(F)C(F)(F)C(F)(F)C(F)(F)C(F)(F)C(F)(F)C(F)(F)F)cc(c3c48)C2=O)c75)C(=O)N(*)C6=O)cc(C(=O)NCOC(C)=O)c1C(F)(F)C(F)(F)C(F)(F)C(F)(F)C(F)(F)C(F)(F)C(F)(F)C(F)(F)C(F)(F)C(F)(F)C(F)(F)C(F)(F)C(F)(F)C(F)(F)C(F)(F)C(F)(F)C(F)(F)C(F)(F)C(F)(F)C(F)(F)C(F)(F)F,5.726826893716216,6.013670798859137,6.7548072373398975,6.411498967899309,6.717094684928349,6.54987575077413,0.4510269635848527,0.16261517825233707,0.03765788836548756,0.32134285772297466
50,*c1c(N2C(=O)c3ccc4c5c(C(F)(F)C(F)(F)C(F)(F)C(F)(F)C(F)(F)C(F)(F)C(F)(F)C(F)(F)F)cc6c7c(cc(C(F)(F)C(F)(F)C(F)(F)C(F)(F)C(F)(F)C(F)(F)C(F)(F)C(F)(F)F)c(c8ccc(c3c48)C2=O)c75)C(=O)N(*)C6=O)cc(C(F)(F)C(F)(F)C(F)(F)C(F)(F)C(F)(F)C(F)(F)C(F)(F)C(F)(F)C(F)(F)C(F)(F)C(F)(F)C(F)(F)C(F)(F)C(F)(F)C(F)(F)C(F)(F)C(F)(F)C(F)(F)C(F)(F)C(F)(F)C(F)(F)F)c(C(=O)NCOC(C)=O)c1C,5.726826893716216,6.013670798859137,6.7548072373398975,6.411498967899309,6.717094684928349,6.54987575077413,0.4510269635848527,0.16261517825233707,0.03765788836548756,0.32134285772297466
51,*c1c(N2C(=O)c3ccc4c5c(C(F)(F)C(F)(F)C(F)(F)C(F)(F)C(F)(F)C(F)(F)C(F)(F)C(F)(F)F)cc6c7c(ccc(c8c(C(F)(F)C(F)(F)C(F)(F)C(F)(F)C(F)(F)C(F)(F)C(F)(F)C(F)(F)F)cc(c3c48)C2=O)c75)C(=O)N(*)C6=O)cc(C(=O)NCOC(C)=O)c(C(F)(F)C(F)(F)C(F)(F)C(F)(F)C(F)(F)C(F)(F)C(F)(F)C(F)(F)C(F)(F)C(F)(F)C(F)(F)C(F)(F)C(F)(F)C(F)(F)C(F)(F)C(F)(F)C(F)(F)C(F)(F)C(F)(F)C(F)(F)C(F)(F)F)c1C,5.726826893716216,6.013670798859137,6.7548072373398975,6.411498967899309,6.717094684928349,6.54987575077413,0.4510269635848527,0.16261517825233707,0.03765788836548756,0.32134285772297466
52,*c1cc(N2C(=O)c3ccc4c5c(C(F)(F)C(F)(F)C(F)(F)C(F)(F)C(F)(F)C(F)(F)C(F)(F)C(F)(F)F)cc6c7c(ccc(c8c(C(F)(F)C(F)(F)C(F)(F)C(F)(F)C(F)(F)C(F)(F)C(F)(F)C(F)(F)F)cc(c3c48)C2=O)c75)C(=O)N(*)C6=O)c(C(=O)NCOC(C)=O)c(C(F)(F)C(F)(F)C(F)(F)C(F)(F)C(F)(F)C(F)(F)C(F)(F)C(F)(F)C(F)(F)C(F)(F)C(F)(F)C(F)(F)C(F)(F)C(F)(F)C(F)(F)C(F)(F)C(F)(F)C(F)(F)C(F)(F)C(F)(F)C(F)(F)F)c1C,5.726826893716216,6.013670798859137,6.7548072373398975,6.411498967899309,6.717094684928349,6.54987575077413,0.4510269635848527,0.16261517825233707,0.03765788836548756,0.32134285772297466
53,*c1c(C)c(N2C(=O)c3ccc4c5c(C(F)(F)C(F)(F)C(F)(F)C(F)(F)C(F)(F)C(F)(F)C(F)(F)C(F)(F)F)cc6c7c(ccc(c8c(C(F)(F)C(F)(F)C(F)(F)C(F)(F)C(F)(F)C(F)(F)C(F)(F)C(F)(F)F)cc(c3c48)C2=O)c75)C(=O)N(*)C6=O)cc(C(F)(F)C(F)(F)C(F)(F)C(F)(F)C(F)(F)C(F)(F)C(F)(F)C(F)(F)C(F)(F)C(F)(F)C(F)(F)C(F)(F)C(F)(F)C(F)(F)C(F)(F)C(F)(F)C(F)(F)C(F)(F)C(F)(F)C(F)(F)C(F)(F)F)c1C(=O)NCOC(C)=O,5.726826893716216,6.013670798859137,6.7548072373398975,6.411498967899309,6.717094684928349,6.54987575077413,0.4510269635848527,0.16261517825233707,0.03765788836548756,0.32134285772297466
54,*c1cc(N2C(=O)c3ccc4c5c(C(F)(F)C(F)(F)C(F)(F)C(F)(F)C(F)(F)C(F)(F)C(F)(F)C(F)(F)F)cc6c7c(cc(C(F)(F)C(F)(F)C(F)(F)C(F)(F)C(F)(F)C(F)(F)C(F)(F)C(F)(F)F)c(c8ccc(c3c48)C2=O)c75)C(=O)N(*)C6=O)c(C(F)(F)C(F)(F)C(F)(F)C(F)(F)C(F)(F)C(F)(F)C(F)(F)C(F)(F)C(F)(F)C(F)(F)C(F)(F)C(F)(F)C(F)(F)C(F)(F)C(F)(F)C(F)(F)C(F)(F)C(F)(F)C(F)(F)C(F)(F)C(F)(F)F)c(C(=O)NCOC(C)=O)c1C,5.726826893716216,6.013670798859137,6.7548072373398975,6.411498967899309,6.717094684928349,6.54987575077413,0.4510269635848527,0.16261517825233707,0.03765788836548756,0.32134285772297466
55,*c1c(C)c(N2C(=O)c3ccc4c5c(C(F)(F)C(F)(F)C(F)(F)C(F)(F)C(F)(F)C(F)(F)C(F)(F)C(F)(F)F)cc6c7c(cc(C(F)(F)C(F)(F)C(F)(F)C(F)(F)C(F)(F)C(F)(F)C(F)(F)C(F)(F)F)c(c8ccc(c3c48)C2=O)c75)C(=O)N(*)C6=O)cc(C(=O)NCOC(C)=O)c1C(F)(F)C(F)(F)C(F)(F)C(F)(F)C(F)(F)C(F)(F)C(F)(F)C(F)(F)C(F)(F)C(F)(F)C(F)(F)C(F)(F)C(F)(F)C(F)(F)C(F)(F)C(F)(F)C(F)(F)C(F)(F)C(F)(F)C(F)(F)C(F)(F)F,5.726826893716216,6.013670798859137,6.7548072373398975,6.411498967899309,6.717094684928349,6.54987575077413,0.4510269635848527,0.16261517825233707,0.03765788836548756,0.32134285772297466
56,*c1cc(N2C(=O)c3ccc4c5c(C(F)(F)C(F)(F)C(F)(F)C(F)(F)C(F)(F)C(F)(F)C(F)(F)C(F)(F)F)cc6c7c(cc(C(F)(F)C(F)(F)C(F)(F)C(F)(F)C(F)(F)C(F)(F)C(F)(F)C(F)(F)F)c(c8ccc(c3c48)C2=O)c75)C(=O)N(*)C6=O)c(C(=O)NCOC(C)=O)c(C(F)(F)C(F)(F)C(F)(F)C(F)(F)C(F)(F)C(F)(F)C(F)(F)C(F)(F)C(F)(F)C(F)(F)C(F)(F)C(F)(F)C(F)(F)C(F)(F)C(F)(F)C(F)(F)C(F)(F)C(F)(F)C(F)(F)C(F)(F)C(F)(F)F)c1C,5.726826893716216,6.013670798859137,6.7548072373398975,6.411498967899309,6.717094684928349,6.54987575077413,0.4510269635848527,0.16261517825233707,0.03765788836548756,0.32134285772297466
57,*c1c(N2C(=O)c3ccc4c5c(C(F)(F)C(F)(F)C(F)(F)C(F)(F)C(F)(F)C(F)(F)C(F)(F)C(F)(F)F)cc6c7c(cc(C(F)(F)C(F)(F)C(F)(F)C(F)(F)C(F)(F)C(F)(F)C(F)(F)C(F)(F)F)c(c8ccc(c3c48)C2=O)c75)C(=O)N(*)C6=O)cc(C(=O)NCOC(C)=O)c(C(F)(F)C(F)(F)C(F)(F)C(F)(F)C(F)(F)C(F)(F)C(F)(F)C(F)(F)C(F)(F)C(F)(F)C(F)(F)C(F)(F)C(F)(F)C(F)(F)C(F)(F)C(F)(F)C(F)(F)C(F)(F)C(F)(F)C(F)(F)C(F)(F)F)c1C,5.726826893716216,6.013670798859137,6.7548072373398975,6.411498967899309,6.717094684928349,6.54987575077413,0.4510269635848527,0.16261517825233707,0.03765788836548756,0.32134285772297466
58,*c1c(C)c(N2C(=O)c3ccc4c5c(C(F)(F)C(F)(F)C(F)(F)C(F)(F)C(F)(F)C(F)(F)C(F)(F)C(F)(F)F)cc6c7c(cc(C(F)(F)C(F)(F)C(F)(F)C(F)(F)C(F)(F)C(F)(F)C(F)(F)C(F)(F)F)c(c8ccc(c3c48)C2=O)c75)C(=O)N(*)C6=O)cc(C(F)(F)C(F)(F)C(F)(F)C(F)(F)C(F)(F)C(F)(F)C(F)(F)C(F)(F)C(F)(F)C(F)(F)C(F)(F)C(F)(F)C(F)(F)C(F)(F)C(F)(F)C(F)(F)C(F)(F)C(F)(F)C(F)(F)C(F)(F)C(F)(F)F)c1C(=O)NCOC(C)=O,5.726826893716216,6.013670798859137,6.7548072373398975,6.411498967899309,6.717094684928349,6.54987575077413,0.4510269635848527,0.16261517825233707,0.03765788836548756,0.32134285772297466
59,*c1cc(N2C(=O)c3ccc4c5c(C(F)(F)C(F)(F)C(F)(F)C(F)(F)C(F)(F)C(F)(F)C(F)(F)C(F)(F)F)cc6c7c(ccc(c8c(C(F)(F)C(F)(F)C(F)(F)C(F)(F)C(F)(F)C(F)(F)C(F)(F)C(F)(F)F)cc(c3c48)C2=O)c75)C(=O)N(*)C6=O)c(C(F)(F)C(F)(F)C(F)(F)C(F)(F)C(F)(F)C(F)(F)C(F)(F)C(F)(F)C(F)(F)C(F)(F)C(F)(F)C(F)(F)C(F)(F)C(F)(F)C(F)(F)C(F)(F)C(F)(F)C(F)(F)C(F)(F)C(F)(F)C(F)(F)F)c(C(=O)NCOC(C)=O)c1C,5.726826893716216,6.013670798859137,6.7548072373398975,6.411498967899309,6.717094684928349,6.54987575077413,0.4510269635848527,0.16261517825233707,0.03765788836548756,0.32134285772297466
60,*c1c(C)cc(N2C(=O)c3ccc4c5c(C(F)(F)C(F)(F)C(F)(F)C(F)(F)C(F)(F)C(F)(F)C(F)(F)C(F)(F)F)cc6c7c(cc(C(F)(F)C(F)(F)C(F)(F)C(F)(F)C(F)(F)C(F)(F)C(F)(F)C(F)(F)F)c(c8ccc(c3c48)C2=O)c75)C(=O)N(*)C6=O)c(C(=O)NCOC(C)=O)c1C(F)(F)C(F)(F)C(F)(F)C(F)(F)C(F)(F)C(F)(F)C(F)(F)C(F)(F)C(F)(F)C(F)(F)C(F)(F)C(F)(F)C(F)(F)C(F)(F)C(F)(F)C(F)(F)C(F)(F)C(F)(F)C(F)(F)C(F)(F)C(F)(F)C(F)(F)F,5.825163056631506,6.114425765736067,6.892474738771534,6.575389483109615,6.8259733733498775,6.708612084159696,0.44910226380886686,0.15406610767542794,0.020346438453970772,0.3569875839963299
61,*c1c(N2C(=O)c3ccc4c5c(C(F)(F)C(F)(F)C(F)(F)C(F)(F)C(F)(F)C(F)(F)C(F)(F)C(F)(F)F)cc6c7c(cc(C(F)(F)C(F)(F)C(F)(F)C(F)(F)C(F)(F)C(F)(F)C(F)(F)C(F)(F)F)c(c8ccc(c3c48)C2=O)c75)C(=O)N(*)C6=O)cc(C)c(C(F)(F)C(F)(F)C(F)(F)C(F)(F)C(F)(F)C(F)(F)C(F)(F)C(F)(F)C(F)(F)C(F)(F)C(F)(F)C(F)(F)C(F)(F)C(F)(F)C(F)(F)C(F)(F)C(F)(F)C(F)(F)C(F)(F)C(F)(F)C(F)(F)C(F)(F)F)c1C(=O)NCOC(C)=O,5.825163056631506,6.114425765736067,6.892474738771534,6.575389483109615,6.8259733733498775,6.708612084159696,0.44910226380886686,0.15406610767542794,0.020346438453970772,0.3569875839963299
62,*c1c(N2C(=O)c3ccc4c5c(C(F)(F)C(F)(F)C(F)(F)C(F)(F)C(F)(F)C(F)(F)C(F)(F)C(F)(F)F)cc6c7c(ccc(c8c(C(F)(F)C(F)(F)C(F)(F)C(F)(F)C(F)(F)C(F)(F)C(F)(F)C(F)(F)F)cc(c3c48)C2=O)c75)C(=O)N(*)C6=O)cc(C)c(C(F)(F)C(F)(F)C(F)(F)C(F)(F)C(F)(F)C(F)(F)C(F)(F)C(F)(F)C(F)(F)C(F)(F)C(F)(F)C(F)(F)C(F)(F)C(F)(F)C(F)(F)C(F)(F)C(F)(F)C(F)(F)C(F)(F)C(F)(F)C(F)(F)C(F)(F)F)c1C(=O)NCOC(C)=O,5.825163056631506,6.114425765736067,6.892474738771534,6.575389483109615,6.8259733733498775,6.708612084159696,0.44910226380886686,0.15406610767542794,0.020346438453970772,0.3569875839963299
63,*c1c(N2C(=O)c3ccc4c5c(C(F)(F)C(F)(F)C(F)(F)C(F)(F)C(F)(F)C(F)(F)C(F)(F)C(F)(F)F)cc6c7c(cc(C(F)(F)C(F)(F)C(F)(F)C(F)(F)C(F)(F)C(F)(F)C(F)(F)C(F)(F)F)c(c8ccc(c3c48)C2=O)c75)C(=O)N(*)C6=O)cc(C)c(C(=O)NCOC(C)=O)c1C(F)(F)C(F)(F)C(F)(F)C(F)(F)C(F)(F)C(F)(F)C(F)(F)C(F)(F)C(F)(F)C(F)(F)C(F)(F)C(F)(F)C(F)(F)C(F)(F)C(F)(F)C(F)(F)C(F)(F)C(F)(F)C(F)(F)C(F)(F)C(F)(F)C(F)(F)F,5.825163056631506,6.114425765736067,6.892474738771534,6.575389483109615,6.8259733733498775,6.708612084159696,0.44910226380886686,0.15406610767542794,0.020346438453970772,0.3569875839963299
64,*c1c(C)cc(N2C(=O)c3ccc4c5c(C(F)(F)C(F)(F)C(F)(F)C(F)(F)C(F)(F)C(F)(F)C(F)(F)C(F)(F)F)cc6c7c(ccc(c8c(C(F)(F)C(F)(F)C(F)(F)C(F)(F)C(F)(F)C(F)(F)C(F)(F)C(F)(F)F)cc(c3c48)C2=O)c75)C(=O)N(*)C6=O)c(C(F)(F)C(F)(F)C(F)(F)C(F)(F)C(F)(F)C(F)(F)C(F)(F)C(F)(F)C(F)(F)C(F)(F)C(F)(F)C(F)(F)C(F)(F)C(F)(F)C(F)(F)C(F)(F)C(F)(F)C(F)(F)C(F)(F)C(F)(F)C(F)(F)C(F)(F)F)c1C(=O)NCOC(C)=O,5.825163056631506,6.114425765736067,6.892474738771534,6.575389483109615,6.8259733733498775,6.708612084159696,0.44910226380886686,0.15406610767542794,0.020346438453970772,0.3569875839963299
65,*c1c(C)cc(N2C(=O)c3ccc4c5c(C(F)(F)C(F)(F)C(F)(F)C(F)(F)C(F)(F)C(F)(F)C(F)(F)C(F)(F)F)cc6c7c(cc(C(F)(F)C(F)(F)C(F)(F)C(F)(F)C(F)(F)C(F)(F)C(F)(F)C(F)(F)F)c(c8ccc(c3c48)C2=O)c75)C(=O)N(*)C6=O)c(C(F)(F)C(F)(F)C(F)(F)C(F)(F)C(F)(F)C(F)(F)C(F)(F)C(F)(F)C(F)(F)C(F)(F)C(F)(F)C(F)(F)C(F)(F)C(F)(F)C(F)(F)C(F)(F)C(F)(F)C(F)(F)C(F)(F)C(F)(F)C(F)(F)C(F)(F)F)c1C(=O)NCOC(C)=O,5.825163056631506,6.114425765736067,6.892474738771534,6.575389483109615,6.8259733733498775,6.708612084159696,0.44910226380886686,0.15406610767542794,0.020346438453970772,0.3569875839963299
66,*c1c(C)cc(N2C(=O)c3ccc4c5c(C(F)(F)C(F)(F)C(F)(F)C(F)(F)C(F)(F)C(F)(F)C(F)(F)C(F)(F)F)cc6c7c(ccc(c8c(C(F)(F)C(F)(F)C(F)(F)C(F)(F)C(F)(F)C(F)(F)C(F)(F)C(F)(F)F)cc(c3c48)C2=O)c75)C(=O)N(*)C6=O)c(C(=O)NCOC(C)=O)c1C(F)(F)C(F)(F)C(F)(F)C(F)(F)C(F)(F)C(F)(F)C(F)(F)C(F)(F)C(F)(F)C(F)(F)C(F)(F)C(F)(F)C(F)(F)C(F)(F)C(F)(F)C(F)(F)C(F)(F)C(F)(F)C(F)(F)C(F)(F)C(F)(F)C(F)(F)F,5.825163056631506,6.114425765736067,6.892474738771534,6.575389483109615,6.8259733733498775,6.708612084159696,0.44910226380886686,0.15406610767542794,0.020346438453970772,0.3569875839963299
67,*c1c(N2C(=O)c3ccc4c5c(C(F)(F)C(F)(F)C(F)(F)C(F)(F)C(F)(F)C(F)(F)C(F)(F)C(F)(F)F)cc6c7c(ccc(c8c(C(F)(F)C(F)(F)C(F)(F)C(F)(F)C(F)(F)C(F)(F)C(F)(F)C(F)(F)F)cc(c3c48)C2=O)c75)C(=O)N(*)C6=O)cc(C)c(C(=O)NCOC(C)=O)c1C(F)(F)C(F)(F)C(F)(F)C(F)(F)C(F)(F)C(F)(F)C(F)(F)C(F)(F)C(F)(F)C(F)(F)C(F)(F)C(F)(F)C(F)(F)C(F)(F)C(F)(F)C(F)(F)C(F)(F)C(F)(F)C(F)(F)C(F)(F)C(F)(F)C(F)(F)F,5.825163056631506,6.114425765736067,6.892474738771534,6.575389483109615,6.8259733733498775,6.708612084159696,0.44910226380886686,0.15406610767542794,0.020346438453970772,0.3569875839963299
68,*c1c(C)cc(C(=O)NCOC(C)=O)c(C(F)(F)C(F)(F)C(F)(F)C(F)(F)C(F)(F)C(F)(F)C(F)(F)C(F)(F)C(F)(F)C(F)(F)C(F)(F)C(F)(F)C(F)(F)C(F)(F)C(F)(F)C(F)(F)C(F)(F)C(F)(F)C(F)(F)C(F)(F)F)c1N1C(=O)c2ccc3c4c(C(F)(F)C(F)(F)C(F)(F)C(F)(F)C(F)(F)C(F)(F)C(F)(F)C(F)(F)F)cc5c6c(cc(C(F)(F)C(F)(F)C(F)(F)C(F)(F)C(F)(F)C(F)(F)C(F)(F)C(F)(F)F)c(c7ccc(c2c37)C1=O)c64)C(=O)N(*)C5=O,5.650531828098184,5.906047767446331,6.643891121379441,6.3024578742903135,6.619571117316288,6.4065350324209405,0.42957524676637093,0.17143188744144977,0.015406866020295562,0.26449142545446014
69,*c1c(C)cc(C(=O)NCOC(C)=O)c(C(F)(F)C(F)(F)C(F)(F)C(F)(F)C(F)(F)C(F)(F)C(F)(F)C(F)(F)C(F)(F)C(F)(F)C(F)(F)C(F)(F)C(F)(F)C(F)(F)C(F)(F)C(F)(F)C(F)(F)C(F)(F)C(F)(F)C(F)(F)F)c1N1C(=O)c2ccc3c4c(C(F)(F)C(F)(F)C(F)(F)C(F)(F)C(F)(F)C(F)(F)C(F)(F)C(F)(F)F)cc5c6c(ccc(c7c(C(F)(F)C(F)(F)C(F)(F)C(F)(F)C(F)(F)C(F)(F)C(F)(F)C(F)(F)F)cc(c2c37)C1=O)c64)C(=O)N(*)C5=O,5.650531828098184,5.906047767446331,6.643891121379441,6.3024578742903135,6.619571117316288,6.4065350324209405,0.42957524676637093,0.17143188744144977,0.015406866020295562,0.26449142545446014
70,*c1c(C)cc(C(F)(F)C(F)(F)C(F)(F)C(F)(F)C(F)(F)C(F)(F)C(F)(F)C(F)(F)C(F)(F)C(F)(F)C(F)(F)C(F)(F)C(F)(F)C(F)(F)C(F)(F)C(F)(F)C(F)(F)C(F)(F)C(F)(F)C(F)(F)F)c(C(=O)NCOC(C)=O)c1N1C(=O)c2ccc3c4c(C(F)(F)C(F)(F)C(F)(F)C(F)(F)C(F)(F)C(F)(F)C(F)(F)C(F)(F)F)cc5c6c(cc(C(F)(F)C(F)(F)C(F)(F)C(F)(F)C(F)(F)C(F)(F)C(F)(F)C(F)(F)F)c(c7ccc(c2c37)C1=O)c64)C(=O)N(*)C5=O,5.650531828098184,5.906047767446331,6.643891121379441,6.3024578742903135,6.619571117316288,6.4065350324209405,0.42957524676637093,0.17143188744144977,0.015406866020295562,0.26449142545446014
71,*c1c(C)cc(C(F)(F)C(F)(F)C(F)(F)C(F)(F)C(F)(F)C(F)(F)C(F)(F)C(F)(F)C(F)(F)C(F)(F)C(F)(F)C(F)(F)C(F)(F)C(F)(F)C(F)(F)C(F)(F)C(F)(F)C(F)(F)C(F)(F)C(F)(F)F)c(C(=O)NCOC(C)=O)c1N1C(=O)c2ccc3c4c(C(F)(F)C(F)(F)C(F)(F)C(F)(F)C(F)(F)C(F)(F)C(F)(F)C(F)(F)F)cc5c6c(ccc(c7c(C(F)(F)C(F)(F)C(F)(F)C(F)(F)C(F)(F)C(F)(F)C(F)(F)C(F)(F)F)cc(c2c37)C1=O)c64)C(=O)N(*)C5=O,5.650531828098184,5.906047767446331,6.643891121379441,6.3024578742903135,6.619571117316288,6.4065350324209405,0.42957524676637093,0.17143188744144977,0.015406866020295562,0.26449142545446014
72,*c1c(C)c(N2C(=O)c3ccc4c5c(C(F)(F)C(F)(F)C(F)(F)C(F)(F)C(F)(F)C(F)(F)C(F)(F)C(F)(F)F)cc6c7c(ccc(c8c(C(F)(F)C(F)(F)C(F)(F)C(F)(F)C(F)(F)C(F)(F)C(F)(F)C(F)(F)F)cc(c3c48)C2=O)c75)C(=O)N(*)C6=O)cc(C(=O)NCOC(C)=O)c1C(F)(F)C(F)(F)C(F)(F)C(F)(F)C(F)(F)C(F)(F)C(F)(F)C(F)(F)C(F)(F)C(F)(F)C(F)(F)C(F)(F)C(F)(F)C(F)(F)C(F)(F)C(F)(F)C(F)(F)C(F)(F)C(F)(F)C(F)(F)F,5.607331781881998,5.886981407845628,6.577805353708128,6.231356145943392,6.5715705138232,6.359033790292974,0.42292706944799296,0.15272109711105086,0.021887283293420157,0.28514314997208157
73,*c1cc(N2C(=O)c3ccc4c5c(C(F)(F)C(F)(F)C(F)(F)C(F)(F)C(F)(F)C(F)(F)C(F)(F)C(F)(F)F)cc6c7c(cc(C(F)(F)C(F)(F)C(F)(F)C(F)(F)C(F)(F)C(F)(F)C(F)(F)C(F)(F)F)c(c8ccc(c3c48)C2=O)c75)C(=O)N(*)C6=O)c(C(F)(F)C(F)(F)C(F)(F)C(F)(F)C(F)(F)C(F)(F)C(F)(F)C(F)(F)C(F)(F)C(F)(F)C(F)(F)C(F)(F)C(F)(F)C(F)(F)C(F)(F)C(F)(F)C(F)(F)C(F)(F)C(F)(F)C(F)(F)F)c(C(=O)NCOC(C)=O)c1C,5.607331781881998,5.886981407845628,6.577805353708128,6.231356145943392,6.5715705138232,6.359033790292974,0.42292706944799296,0.15272109711105086,0.021887283293420157,0.28514314997208157
74,*c1c(N2C(=O)c3ccc4c5c(C(F)(F)C(F)(F)C(F)(F)C(F)(F)C(F)(F)C(F)(F)C(F)(F)C(F)(F)F)cc6c7c(cc(C(F)(F)C(F)(F)C(F)(F)C(F)(F)C(F)(F)C(F)(F)C(F)(F)C(F)(F)F)c(c8ccc(c3c48)C2=O)c75)C(=O)N(*)C6=O)cc(C(F)(F)C(F)(F)C(F)(F)C(F)(F)C(F)(F)C(F)(F)C(F)(F)C(F)(F)C(F)(F)C(F)(F)C(F)(F)C(F)(F)C(F)(F)C(F)(F)C(F)(F)C(F)(F)C(F)(F)C(F)(F)C(F)(F)C(F)(F)F)c(C(=O)NCOC(C)=O)c1C,5.607331781881998,5.886981407845628,6.577805353708128,6.231356145943392,6.5715705138232,6.359033790292974,0.42292706944799296,0.15272109711105086,0.021887283293420157,0.28514314997208157
75,*c1c(N2C(=O)c3ccc4c5c(C(F)(F)C(F)(F)C(F)(F)C(F)(F)C(F)(F)C(F)(F)C(F)(F)C(F)(F)F)cc6c7c(cc(C(F)(F)C(F)(F)C(F)(F)C(F)(F)C(F)(F)C(F)(F)C(F)(F)C(F)(F)F)c(c8ccc(c3c48)C2=O)c75)C(=O)N(*)C6=O)cc(C(=O)NCOC(C)=O)c(C(F)(F)C(F)(F)C(F)(F)C(F)(F)C(F)(F)C(F)(F)C(F)(F)C(F)(F)C(F)(F)C(F)(F)C(F)(F)C(F)(F)C(F)(F)C(F)(F)C(F)(F)C(F)(F)C(F)(F)C(F)(F)C(F)(F)C(F)(F)F)c1C,5.607331781881998,5.886981407845628,6.577805353708128,6.231356145943392,6.5715705138232,6.359033790292974,0.42292706944799296,0.15272109711105086,0.021887283293420157,0.28514314997208157
76,*c1cc(N2C(=O)c3ccc4c5c(C(F)(F)C(F)(F)C(F)(F)C(F)(F)C(F)(F)C(F)(F)C(F)(F)C(F)(F)F)cc6c7c(ccc(c8c(C(F)(F)C(F)(F)C(F)(F)C(F)(F)C(F)(F)C(F)(F)C(F)(F)C(F)(F)F)cc(c3c48)C2=O)c75)C(=O)N(*)C6=O)c(C(F)(F)C(F)(F)C(F)(F)C(F)(F)C(F)(F)C(F)(F)C(F)(F)C(F)(F)C(F)(F)C(F)(F)C(F)(F)C(F)(F)C(F)(F)C(F)(F)C(F)(F)C(F)(F)C(F)(F)C(F)(F)C(F)(F)C(F)(F)F)c(C(=O)NCOC(C)=O)c1C,5.607331781881998,5.886981407845628,6.577805353708128,6.231356145943392,6.5715705138232,6.359033790292974,0.42292706944799296,0.15272109711105086,0.021887283293420157,0.28514314997208157
77,*c1c(N2C(=O)c3ccc4c5c(C(F)(F)C(F)(F)C(F)(F)C(F)(F)C(F)(F)C(F)(F)C(F)(F)C(F)(F)F)cc6c7c(ccc(c8c(C(F)(F)C(F)(F)C(F)(F)C(F)(F)C(F)(F)C(F)(F)C(F)(F)C(F)(F)F)cc(c3c48)C2=O)c75)C(=O)N(*)C6=O)cc(C(=O)NCOC(C)=O)c(C(F)(F)C(F)(F)C(F)(F)C(F)(F)C(F)(F)C(F)(F)C(F)(F)C(F)(F)C(F)(F)C(F)(F)C(F)(F)C(F)(F)C(F)(F)C(F)(F)C(F)(F)C(F)(F)C(F)(F)C(F)(F)C(F)(F)C(F)(F)F)c1C,5.607331781881998,5.886981407845628,6.577805353708128,6.231356145943392,6.5715705138232,6.359033790292974,0.42292706944799296,0.15272109711105086,0.021887283293420157,0.28514314997208157
78,*c1c(C)c(N2C(=O)c3ccc4c5c(C(F)(F)C(F)(F)C(F)(F)C(F)(F)C(F)(F)C(F)(F)C(F)(F)C(F)(F)F)cc6c7c(ccc(c8c(C(F)(F)C(F)(F)C(F)(F)C(F)(F)C(F)(F)C(F)(F)C(F)(F)C(F)(F)F)cc(c3c48)C2=O)c75)C(=O)N(*)C6=O)cc(C(F)(F)C(F)(F)C(F)(F)C(F)(F)C(F)(F)C(F)(F)C(F)(F)C(F)(F)C(F)(F)C(F)(F)C(F)(F)C(F)(F)C(F)(F)C(F)(F)C(F)(F)C(F)(F)C(F)(F)C(F)(F)C(F)(F)C(F)(F)F)c1C(=O)NCOC(C)=O,5.607331781881998,5.886981407845628,6.577805353708128,6.231356145943392,6.5715705138232,6.359033790292974,0.42292706944799296,0.15272109711105086,0.021887283293420157,0.28514314997208157
79,*c1c(N2C(=O)c3ccc4c5c(C(F)(F)C(F)(F)C(F)(F)C(F)(F)C(F)(F)C(F)(F)C(F)(F)C(F)(F)F)cc6c7c(ccc(c8c(C(F)(F)C(F)(F)C(F)(F)C(F)(F)C(F)(F)C(F)(F)C(F)(F)C(F)(F)F)cc(c3c48)C2=O)c75)C(=O)N(*)C6=O)cc(C(F)(F)C(F)(F)C(F)(F)C(F)(F)C(F)(F)C(F)(F)C(F)(F)C(F)(F)C(F)(F)C(F)(F)C(F)(F)C(F)(F)C(F)(F)C(F)(F)C(F)(F)C(F)(F)C(F)(F)C(F)(F)C(F)(F)C(F)(F)F)c(C(=O)NCOC(C)=O)c1C,5.607331781881998,5.886981407845628,6.577805353708128,6.231356145943392,6.5715705138232,6.359033790292974,0.42292706944799296,0.15272109711105086,0.021887283293420157,0.28514314997208157
80,*c1c(C)c(N2C(=O)c3ccc4c5c(C(F)(F)C(F)(F)C(F)(F)C(F)(F)C(F)(F)C(F)(F)C(F)(F)C(F)(F)F)cc6c7c(cc(C(F)(F)C(F)(F)C(F)(F)C(F)(F)C(F)(F)C(F)(F)C(F)(F)C(F)(F)F)c(c8ccc(c3c48)C2=O)c75)C(=O)N(*)C6=O)cc(C(F)(F)C(F)(F)C(F)(F)C(F)(F)C(F)(F)C(F)(F)C(F)(F)C(F)(F)C(F)(F)C(F)(F)C(F)(F)C(F)(F)C(F)(F)C(F)(F)C(F)(F)C(F)(F)C(F)(F)C(F)(F)C(F)(F)C(F)(F)F)c1C(=O)NCOC(C)=O,5.607331781881998,5.886981407845628,6.577805353708128,6.231356145943392,6.5715705138232,6.359033790292974,0.42292706944799296,0.15272109711105086,0.021887283293420157,0.28514314997208157
81,*c1c(C)c(N2C(=O)c3ccc4c5c(C(F)(F)C(F)(F)C(F)(F)C(F)(F)C(F)(F)C(F)(F)C(F)(F)C(F)(F)F)cc6c7c(cc(C(F)(F)C(F)(F)C(F)(F)C(F)(F)C(F)(F)C(F)(F)C(F)(F)C(F)(F)F)c(c8ccc(c3c48)C2=O)c75)C(=O)N(*)C6=O)cc(C(=O)NCOC(C)=O)c1C(F)(F)C(F)(F)C(F)(F)C(F)(F)C(F)(F)C(F)(F)C(F)(F)C(F)(F)C(F)(F)C(F)(F)C(F)(F)C(F)(F)C(F)(F)C(F)(F)C(F)(F)C(F)(F)C(F)(F)C(F)(F)C(F)(F)C(F)(F)F,5.607331781881998,5.886981407845628,6.577805353708128,6.231356145943392,6.5715705138232,6.359033790292974,0.42292706944799296,0.15272109711105086,0.021887283293420157,0.28514314997208157
82,*c1cc(N2C(=O)c3ccc4c5c(C(F)(F)C(F)(F)C(F)(F)C(F)(F)C(F)(F)C(F)(F)C(F)(F)C(F)(F)F)cc6c7c(cc(C(F)(F)C(F)(F)C(F)(F)C(F)(F)C(F)(F)C(F)(F)C(F)(F)C(F)(F)F)c(c8ccc(c3c48)C2=O)c75)C(=O)N(*)C6=O)c(C(=O)NCOC(C)=O)c(C(F)(F)C(F)(F)C(F)(F)C(F)(F)C(F)(F)C(F)(F)C(F)(F)C(F)(F)C(F)(F)C(F)(F)C(F)(F)C(F)(F)C(F)(F)C(F)(F)C(F)(F)C(F)(F)C(F)(F)C(F)(F)C(F)(F)C(F)(F)F)c1C,5.607331781881998,5.886981407845628,6.577805353708128,6.231356145943392,6.5715705138232,6.359033790292974,0.42292706944799296,0.15272109711105086,0.021887283293420157,0.28514314997208157
83,*c1cc(N2C(=O)c3ccc4c5c(C(F)(F)C(F)(F)C(F)(F)C(F)(F)C(F)(F)C(F)(F)C(F)(F)C(F)(F)F)cc6c7c(ccc(c8c(C(F)(F)C(F)(F)C(F)(F)C(F)(F)C(F)(F)C(F)(F)C(F)(F)C(F)(F)F)cc(c3c48)C2=O)c75)C(=O)N(*)C6=O)c(C(=O)NCOC(C)=O)c(C(F)(F)C(F)(F)C(F)(F)C(F)(F)C(F)(F)C(F)(F)C(F)(F)C(F)(F)C(F)(F)C(F)(F)C(F)(F)C(F)(F)C(F)(F)C(F)(F)C(F)(F)C(F)(F)C(F)(F)C(F)(F)C(F)(F)C(F)(F)F)c1C,5.607331781881998,5.886981407845628,6.577805353708128,6.231356145943392,6.5715705138232,6.359033790292974,0.42292706944799296,0.15272109711105086,0.021887283293420157,0.28514314997208157
84,*c1c(N2C(=O)c3ccc4c5c(C(F)(F)C(F)(F)C(F)(F)C(F)(F)C(F)(F)C(F)(F)C(F)(F)C(F)(F)F)cc6c7c(cc(C(F)(F)C(F)(F)C(F)(F)C(F)(F)C(F)(F)C(F)(F)C(F)(F)C(F)(F)F)c(c8ccc(c3c48)C2=O)c75)C(=O)N(*)C6=O)cc(C)c(C(=O)NCOC(C)=O)c1C(F)(F)C(F)(F)C(F)(F)C(F)(F)C(F)(F)C(F)(F)C(F)(F)C(F)(F)C(F)(F)C(F)(F)C(F)(F)C(F)(F)C(F)(F)C(F)(F)C(F)(F)C(F)(F)C(F)(F)C(F)(F)C(F)(F)C(F)(F)C(F)(F)F,5.704048297205805,5.986655992501547,6.713979244328168,6.394834820815261,6.678396993449299,6.514273599288736,0.4196569768906011,0.14483773411152967,0.002224866311535234,0.3212903795266273
85,*c1c(C)cc(N2C(=O)c3ccc4c5c(C(F)(F)C(F)(F)C(F)(F)C(F)(F)C(F)(F)C(F)(F)C(F)(F)C(F)(F)F)cc6c7c(ccc(c8c(C(F)(F)C(F)(F)C(F)(F)C(F)(F)C(F)(F)C(F)(F)C(F)(F)C(F)(F)F)cc(c3c48)C2=O)c75)C(=O)N(*)C6=O)c(C(F)(F)C(F)(F)C(F)(F)C(F)(F)C(F)(F)C(F)(F)C(F)(F)C(F)(F)C(F)(F)C(F)(F)C(F)(F)C(F)(F)C(F)(F)C(F)(F)C(F)(F)C(F)(F)C(F)(F)C(F)(F)C(F)(F)C(F)(F)C(F)(F)F)c1C(=O)NCOC(C)=O,5.704048297205805,5.986655992501547,6.713979244328168,6.394834820815261,6.678396993449299,6.514273599288736,0.4196569768906011,0.14483773411152967,0.002224866311535234,0.3212903795266273
86,*c1c(N2C(=O)c3ccc4c5c(C(F)(F)C(F)(F)C(F)(F)C(F)(F)C(F)(F)C(F)(F)C(F)(F)C(F)(F)F)cc6c7c(cc(C(F)(F)C(F)(F)C(F)(F)C(F)(F)C(F)(F)C(F)(F)C(F)(F)C(F)(F)F)c(c8ccc(c3c48)C2=O)c75)C(=O)N(*)C6=O)cc(C)c(C(F)(F)C(F)(F)C(F)(F)C(F)(F)C(F)(F)C(F)(F)C(F)(F)C(F)(F)C(F)(F)C(F)(F)C(F)(F)C(F)(F)C(F)(F)C(F)(F)C(F)(F)C(F)(F)C(F)(F)C(F)(F)C(F)(F)C(F)(F)C(F)(F)F)c1C(=O)NCOC(C)=O,5.704048297205805,5.986655992501547,6.713979244328168,6.394834820815261,6.678396993449299,6.514273599288736,0.4196569768906011,0.14483773411152967,0.002224866311535234,0.3212903795266273
87,*c1c(N2C(=O)c3ccc4c5c(C(F)(F)C(F)(F)C(F)(F)C(F)(F)C(F)(F)C(F)(F)C(F)(F)C(F)(F)F)cc6c7c(ccc(c8c(C(F)(F)C(F)(F)C(F)(F)C(F)(F)C(F)(F)C(F)(F)C(F)(F)C(F)(F)F)cc(c3c48)C2=O)c75)C(=O)N(*)C6=O)cc(C)c(C(=O)NCOC(C)=O)c1C(F)(F)C(F)(F)C(F)(F)C(F)(F)C(F)(F)C(F)(F)C(F)(F)C(F)(F)C(F)(F)C(F)(F)C(F)(F)C(F)(F)C(F)(F)C(F)(F)C(F)(F)C(F)(F)C(F)(F)C(F)(F)C(F)(F)C(F)(F)C(F)(F)F,5.704048297205805,5.986655992501547,6.713979244328168,6.394834820815261,6.678396993449299,6.514273599288736,0.4196569768906011,0.14483773411152967,0.002224866311535234,0.3212903795266273
88,*c1c(C)cc(N2C(=O)c3ccc4c5c(C(F)(F)C(F)(F)C(F)(F)C(F)(F)C(F)(F)C(F)(F)C(F)(F)C(F)(F)F)cc6c7c(cc(C(F)(F)C(F)(F)C(F)(F)C(F)(F)C(F)(F)C(F)(F)C(F)(F)C(F)(F)F)c(c8ccc(c3c48)C2=O)c75)C(=O)N(*)C6=O)c(C(=O)NCOC(C)=O)c1C(F)(F)C(F)(F)C(F)(F)C(F)(F)C(F)(F)C(F)(F)C(F)(F)C(F)(F)C(F)(F)C(F)(F)C(F)(F)C(F)(F)C(F)(F)C(F)(F)C(F)(F)C(F)(F)C(F)(F)C(F)(F)C(F)(F)C(F)(F)C(F)(F)F,5.704048297205805,5.986655992501547,6.713979244328168,6.394834820815261,6.678396993449299,6.514273599288736,0.4196569768906011,0.14483773411152967,0.002224866311535234,0.3212903795266273
89,*c1c(C)cc(N2C(=O)c3ccc4c5c(C(F)(F)C(F)(F)C(F)(F)C(F)(F)C(F)(F)C(F)(F)C(F)(F)C(F)(F)F)cc6c7c(cc(C(F)(F)C(F)(F)C(F)(F)C(F)(F)C(F)(F)C(F)(F)C(F)(F)C(F)(F)F)c(c8ccc(c3c48)C2=O)c75)C(=O)N(*)C6=O)c(C(F)(F)C(F)(F)C(F)(F)C(F)(F)C(F)(F)C(F)(F)C(F)(F)C(F)(F)C(F)(F)C(F)(F)C(F)(F)C(F)(F)C(F)(F)C(F)(F)C(F)(F)C(F)(F)C(F)(F)C(F)(F)C(F)(F)C(F)(F)C(F)(F)F)c1C(=O)NCOC(C)=O,5.704048297205805,5.986655992501547,6.713979244328168,6.394834820815261,6.678396993449299,6.514273599288736,0.4196569768906011,0.14483773411152967,0.002224866311535234,0.3212903795266273
90,*c1c(C)cc(N2C(=O)c3ccc4c5c(C(F)(F)C(F)(F)C(F)(F)C(F)(F)C(F)(F)C(F)(F)C(F)(F)C(F)(F)F)cc6c7c(ccc(c8c(C(F)(F)C(F)(F)C(F)(F)C(F)(F)C(F)(F)C(F)(F)C(F)(F)C(F)(F)F)cc(c3c48)C2=O)c75)C(=O)N(*)C6=O)c(C(=O)NCOC(C)=O)c1C(F)(F)C(F)(F)C(F)(F)C(F)(F)C(F)(F)C(F)(F)C(F)(F)C(F)(F)C(F)(F)C(F)(F)C(F)(F)C(F)(F)C(F)(F)C(F)(F)C(F)(F)C(F)(F)C(F)(F)C(F)(F)C(F)(F)C(F)(F)C(F)(F)F,5.704048297205805,5.986655992501547,6.713979244328168,6.394834820815261,6.678396993449299,6.514273599288736,0.4196569768906011,0.14483773411152967,0.002224866311535234,0.3212903795266273
91,*c1c(N2C(=O)c3ccc4c5c(C(F)(F)C(F)(F)C(F)(F)C(F)(F)C(F)(F)C(F)(F)C(F)(F)C(F)(F)F)cc6c7c(ccc(c8c(C(F)(F)C(F)(F)C(F)(F)C(F)(F)C(F)(F)C(F)(F)C(F)(F)C(F)(F)F)cc(c3c48)C2=O)c75)C(=O)N(*)C6=O)cc(C)c(C(F)(F)C(F)(F)C(F)(F)C(F)(F)C(F)(F)C(F)(F)C(F)(F)C(F)(F)C(F)(F)C(F)(F)C(F)(F)C(F)(F)C(F)(F)C(F)(F)C(F)(F)C(F)(F)C(F)(F)C(F)(F)C(F)(F)C(F)(F)C(F)(F)F)c1C(=O)NCOC(C)=O,5.704048297205805,5.986655992501547,6.713979244328168,6.394834820815261,6.678396993449299,6.514273599288736,0.4196569768906011,0.14483773411152967,0.002224866311535234,0.3212903795266273
92,*c1c(C)cc(C(F)(F)C(F)(F)C(F)(F)C(F)(F)C(F)(F)C(F)(F)C(F)(F)C(F)(F)C(F)(F)C(F)(F)C(F)(F)C(F)(F)C(F)(F)C(F)(F)C(F)(F)C(F)(F)C(F)(F)C(F)(F)C(F)(F)F)c(C(=O)NCOC(C)=O)c1N1C(=O)c2ccc3c4c(C(F)(F)C(F)(F)C(F)(F)C(F)(F)C(F)(F)C(F)(F)C(F)(F)C(F)(F)F)cc5c6c(ccc(c7c(C(F)(F)C(F)(F)C(F)(F)C(F)(F)C(F)(F)C(F)(F)C(F)(F)C(F)(F)F)cc(c2c37)C1=O)c64)C(=O)N(*)C5=O,5.53212438811058,5.779837899722144,6.469119007153656,6.121089599652226,6.474934722243542,6.218326405100075,0.4053241290178231,0.16012907139896937,0.0020568913360707874,0.22809177221040866
93,*c1c(C)cc(C(=O)NCOC(C)=O)c(C(F)(F)C(F)(F)C(F)(F)C(F)(F)C(F)(F)C(F)(F)C(F)(F)C(F)(F)C(F)(F)C(F)(F)C(F)(F)C(F)(F)C(F)(F)C(F)(F)C(F)(F)C(F)(F)C(F)(F)C(F)(F)C(F)(F)F)c1N1C(=O)c2ccc3c4c(C(F)(F)C(F)(F)C(F)(F)C(F)(F)C(F)(F)C(F)(F)C(F)(F)C(F)(F)F)cc5c6c(cc(C(F)(F)C(F)(F)C(F)(F)C(F)(F)C(F)(F)C(F)(F)C(F)(F)C(F)(F)F)c(c7ccc(c2c37)C1=O)c64)C(=O)N(*)C5=O,5.53212438811058,5.779837899722144,6.469119007153656,6.121089599652226,6.474934722243542,6.218326405100075,0.4053241290178231,0.16012907139896937,0.0020568913360707874,0.22809177221040866
94,*c1c(C)cc(C(=O)NCOC(C)=O)c(C(F)(F)C(F)(F)C(F)(F)C(F)(F)C(F)(F)C(F)(F)C(F)(F)C(F)(F)C(F)(F)C(F)(F)C(F)(F)C(F)(F)C(F)(F)C(F)(F)C(F)(F)C(F)(F)C(F)(F)C(F)(F)C(F)(F)F)c1N1C(=O)c2ccc3c4c(C(F)(F)C(F)(F)C(F)(F)C(F)(F)C(F)(F)C(F)(F)C(F)(F)C(F)(F)F)cc5c6c(ccc(c7c(C(F)(F)C(F)(F)C(F)(F)C(F)(F)C(F)(F)C(F)(F)C(F)(F)C(F)(F)F)cc(c2c37)C1=O)c64)C(=O)N(*)C5=O,5.53212438811058,5.779837899722144,6.469119007153656,6.121089599652226,6.474934722243542,6.218326405100075,0.4053241290178231,0.16012907139896937,0.0020568913360707874,0.22809177221040866
95,*c1c(C)cc(C(F)(F)C(F)(F)C(F)(F)C(F)(F)C(F)(F)C(F)(F)C(F)(F)C(F)(F)C(F)(F)C(F)(F)C(F)(F)C(F)(F)C(F)(F)C(F)(F)C(F)(F)C(F)(F)C(F)(F)C(F)(F)C(F)(F)F)c(C(=O)NCOC(C)=O)c1N1C(=O)c2ccc3c4c(C(F)(F)C(F)(F)C(F)(F)C(F)(F)C(F)(F)C(F)(F)C(F)(F)C(F)(F)F)cc5c6c(cc(C(F)(F)C(F)(F)C(F)(F)C(F)(F)C(F)(F)C(F)(F)C(F)(F)C(F)(F)F)c(c7ccc(c2c37)C1=O)c64)C(=O)N(*)C5=O,5.53212438811058,5.779837899722144,6.469119007153656,6.121089599652226,6.474934722243542,6.218326405100075,0.4053241290178231,0.16012907139896937,0.0020568913360707874,0.22809177221040866
96,*c1cc(N2C(=O)c3ccc4c5c(C(F)(F)C(F)(F)C(F)(F)C(F)(F)C(F)(F)C(F)(F)C(F)(F)C(F)(F)F)cc6c7c(ccc(c8c(C(F)(F)C(F)(F)C(F)(F)C(F)(F)C(F)(F)C(F)(F)C(F)(F)C(F)(F)F)cc(c3c48)C2=O)c75)C(=O)N(*)C6=O)c(C(F)(F)C(F)(F)C(F)(F)C(F)(F)C(F)(F)C(F)(F)C(F)(F)C(F)(F)C(F)(F)C(F)(F)C(F)(F)C(F)(F)C(F)(F)C(F)(F)C(F)(F)C(F)(F)C(F)(F)C(F)(F)C(F)(F)F)c(C(=O)NCOC(C)=O)c1C,5.4880668196521745,5.759849769310302,6.401147921177702,6.050095747757346,6.427111108024697,6.168591718214575,0.39634999826199313,0.14389586483099448,0.00866770580613524,0.24724431491756715
97,*c1c(N2C(=O)c3ccc4c5c(C(F)(F)C(F)(F)C(F)(F)C(F)(F)C(F)(F)C(F)(F)C(F)(F)C(F)(F)F)cc6c7c(ccc(c8c(C(F)(F)C(F)(F)C(F)(F)C(F)(F)C(F)(F)C(F)(F)C(F)(F)C(F)(F)F)cc(c3c48)C2=O)c75)C(=O)N(*)C6=O)cc(C(=O)NCOC(C)=O)c(C(F)(F)C(F)(F)C(F)(F)C(F)(F)C(F)(F)C(F)(F)C(F)(F)C(F)(F)C(F)(F)C(F)(F)C(F)(F)C(F)(F)C(F)(F)C(F)(F)C(F)(F)C(F)(F)C(F)(F)C(F)(F)C(F)(F)F)c1C,5.4880668196521745,5.759849769310302,6.401147921177702,6.050095747757346,6.427111108024697,6.168591718214575,0.39634999826199313,0.14389586483099448,0.00866770580613524,0.24724431491756715
98,*c1c(C)c(N2C(=O)c3ccc4c5c(C(F)(F)C(F)(F)C(F)(F)C(F)(F)C(F)(F)C(F)(F)C(F)(F)C(F)(F)F)cc6c7c(ccc(c8c(C(F)(F)C(F)(F)C(F)(F)C(F)(F)C(F)(F)C(F)(F)C(F)(F)C(F)(F)F)cc(c3c48)C2=O)c75)C(=O)N(*)C6=O)cc(C(=O)NCOC(C)=O)c1C(F)(F)C(F)(F)C(F)(F)C(F)(F)C(F)(F)C(F)(F)C(F)(F)C(F)(F)C(F)(F)C(F)(F)C(F)(F)C(F)(F)C(F)(F)C(F)(F)C(F)(F)C(F)(F)C(F)(F)C(F)(F)C(F)(F)F,5.4880668196521745,5.759849769310302,6.401147921177702,6.050095747757346,6.427111108024697,6.168591718214575,0.39634999826199313,0.14389586483099448,0.00866770580613524,0.24724431491756715
99,*c1c(N2C(=O)c3ccc4c5c(C(F)(F)C(F)(F)C(F)(F)C(F)(F)C(F)(F)C(F)(F)C(F)(F)C(F)(F)F)cc6c7c(cc(C(F)(F)C(F)(F)C(F)(F)C(F)(F)C(F)(F)C(F)(F)C(F)(F)C(F)(F)F)c(c8ccc(c3c48)C2=O)c75)C(=O)N(*)C6=O)cc(C(=O)NCOC(C)=O)c(C(F)(F)C(F)(F)C(F)(F)C(F)(F)C(F)(F)C(F)(F)C(F)(F)C(F)(F)C(F)(F)C(F)(F)C(F)(F)C(F)(F)C(F)(F)C(F)(F)C(F)(F)C(F)(F)C(F)(F)C(F)(F)C(F)(F)F)c1C,5.4880668196521745,5.759849769310302,6.401147921177702,6.050095747757346,6.427111108024697,6.168591718214575,0.39634999826199313,0.14389586483099448,0.00866770580613524,0.24724431491756715
100,*c1c(N2C(=O)c3ccc4c5c(C(F)(F)C(F)(F)C(F)(F)C(F)(F)C(F)(F)C(F)(F)C(F)(F)C(F)(F)F)cc6c7c(cc(C(F)(F)C(F)(F)C(F)(F)C(F)(F)C(F)(F)C(F)(F)C(F)(F)C(F)(F)F)c(c8ccc(c3c48)C2=O)c75)C(=O)N(*)C6=O)cc(C(F)(F)C(F)(F)C(F)(F)C(F)(F)C(F)(F)C(F)(F)C(F)(F)C(F)(F)C(F)(F)C(F)(F)C(F)(F)C(F)(F)C(F)(F)C(F)(F)C(F)(F)C(F)(F)C(F)(F)C(F)(F)C(F)(F)F)c(C(=O)NCOC(C)=O)c1C,5.4880668196521745,5.759849769310302,6.401147921177702,6.050095747757346,6.427111108024697,6.168591718214575,0.39634999826199313,0.14389586483099448,0.00866770580613524,0.24724431491756715
101,*c1cc(N2C(=O)c3ccc4c5c(C(F)(F)C(F)(F)C(F)(F)C(F)(F)C(F)(F)C(F)(F)C(F)(F)C(F)(F)F)cc6c7c(ccc(c8c(C(F)(F)C(F)(F)C(F)(F)C(F)(F)C(F)(F)C(F)(F)C(F)(F)C(F)(F)F)cc(c3c48)C2=O)c75)C(=O)N(*)C6=O)c(C(=O)NCOC(C)=O)c(C(F)(F)C(F)(F)C(F)(F)C(F)(F)C(F)(F)C(F)(F)C(F)(F)C(F)(F)C(F)(F)C(F)(F)C(F)(F)C(F)(F)C(F)(F)C(F)(F)C(F)(F)C(F)(F)C(F)(F)C(F)(F)C(F)(F)F)c1C,5.4880668196521745,5.759849769310302,6.401147921177702,6.050095747757346,6.427111108024697,6.168591718214575,0.39634999826199313,0.14389586483099448,0.00866770580613524,0.24724431491756715
102,*c1c(C)c(N2C(=O)c3ccc4c5c(C(F)(F)C(F)(F)C(F)(F)C(F)(F)C(F)(F)C(F)(F)C(F)(F)C(F)(F)F)cc6c7c(cc(C(F)(F)C(F)(F)C(F)(F)C(F)(F)C(F)(F)C(F)(F)C(F)(F)C(F)(F)F)c(c8ccc(c3c48)C2=O)c75)C(=O)N(*)C6=O)cc(C(=O)NCOC(C)=O)c1C(F)(F)C(F)(F)C(F)(F)C(F)(F)C(F)(F)C(F)(F)C(F)(F)C(F)(F)C(F)(F)C(F)(F)C(F)(F)C(F)(F)C(F)(F)C(F)(F)C(F)(F)C(F)(F)C(F)(F)C(F)(F)C(F)(F)F,5.4880668196521745,5.759849769310302,6.401147921177702,6.050095747757346,6.427111108024697,6.168591718214575,0.39634999826199313,0.14389586483099448,0.00866770580613524,0.24724431491756715
103,*c1cc(N2C(=O)c3ccc4c5c(C(F)(F)C(F)(F)C(F)(F)C(F)(F)C(F)(F)C(F)(F)C(F)(F)C(F)(F)F)cc6c7c(cc(C(F)(F)C(F)(F)C(F)(F)C(F)(F)C(F)(F)C(F)(F)C(F)(F)C(F)(F)F)c(c8ccc(c3c48)C2=O)c75)C(=O)N(*)C6=O)c(C(=O)NCOC(C)=O)c(C(F)(F)C(F)(F)C(F)(F)C(F)(F)C(F)(F)C(F)(F)C(F)(F)C(F)(F)C(F)(F)C(F)(F)C(F)(F)C(F)(F)C(F)(F)C(F)(F)C(F)(F)C(F)(F)C(F)(F)C(F)(F)C(F)(F)F)c1C,5.4880668196521745,5.759849769310302,6.401147921177702,6.050095747757346,6.427111108024697,6.168591718214575,0.39634999826199313,0.14389586483099448,0.00866770580613524,0.24724431491756715
104,*c1c(N2C(=O)c3ccc4c5c(C(F)(F)C(F)(F)C(F)(F)C(F)(F)C(F)(F)C(F)(F)C(F)(F)C(F)(F)F)cc6c7c(ccc(c8c(C(F)(F)C(F)(F)C(F)(F)C(F)(F)C(F)(F)C(F)(F)C(F)(F)C(F)(F)F)cc(c3c48)C2=O)c75)C(=O)N(*)C6=O)cc(C(F)(F)C(F)(F)C(F)(F)C(F)(F)C(F)(F)C(F)(F)C(F)(F)C(F)(F)C(F)(F)C(F)(F)C(F)(F)C(F)(F)C(F)(F)C(F)(F)C(F)(F)C(F)(F)C(F)(F)C(F)(F)C(F)(F)F)c(C(=O)NCOC(C)=O)c1C,5.4880668196521745,5.759849769310302,6.401147921177702,6.050095747757346,6.427111108024697,6.168591718214575,0.39634999826199313,0.14389586483099448,0.00866770580613524,0.24724431491756715
105,*c1c(C)c(N2C(=O)c3ccc4c5c(C(F)(F)C(F)(F)C(F)(F)C(F)(F)C(F)(F)C(F)(F)C(F)(F)C(F)(F)F)cc6c7c(ccc(c8c(C(F)(F)C(F)(F)C(F)(F)C(F)(F)C(F)(F)C(F)(F)C(F)(F)C(F)(F)F)cc(c3c48)C2=O)c75)C(=O)N(*)C6=O)cc(C(F)(F)C(F)(F)C(F)(F)C(F)(F)C(F)(F)C(F)(F)C(F)(F)C(F)(F)C(F)(F)C(F)(F)C(F)(F)C(F)(F)C(F)(F)C(F)(F)C(F)(F)C(F)(F)C(F)(F)C(F)(F)C(F)(F)F)c1C(=O)NCOC(C)=O,5.4880668196521745,5.759849769310302,6.401147921177702,6.050095747757346,6.427111108024697,6.168591718214575,0.39634999826199313,0.14389586483099448,0.00866770580613524,0.24724431491756715
106,*c1cc(N2C(=O)c3ccc4c5c(C(F)(F)C(F)(F)C(F)(F)C(F)(F)C(F)(F)C(F)(F)C(F)(F)C(F)(F)F)cc6c7c(cc(C(F)(F)C(F)(F)C(F)(F)C(F)(F)C(F)(F)C(F)(F)C(F)(F)C(F)(F)F)c(c8ccc(c3c48)C2=O)c75)C(=O)N(*)C6=O)c(C(F)(F)C(F)(F)C(F)(F)C(F)(F)C(F)(F)C(F)(F)C(F)(F)C(F)(F)C(F)(F)C(F)(F)C(F)(F)C(F)(F)C(F)(F)C(F)(F)C(F)(F)C(F)(F)C(F)(F)C(F)(F)C(F)(F)F)c(C(=O)NCOC(C)=O)c1C,5.4880668196521745,5.759849769310302,6.401147921177702,6.050095747757346,6.427111108024697,6.168591718214575,0.39634999826199313,0.14389586483099448,0.00866770580613524,0.24724431491756715
107,*c1c(C)c(N2C(=O)c3ccc4c5c(C(F)(F)C(F)(F)C(F)(F)C(F)(F)C(F)(F)C(F)(F)C(F)(F)C(F)(F)F)cc6c7c(cc(C(F)(F)C(F)(F)C(F)(F)C(F)(F)C(F)(F)C(F)(F)C(F)(F)C(F)(F)F)c(c8ccc(c3c48)C2=O)c75)C(=O)N(*)C6=O)cc(C(F)(F)C(F)(F)C(F)(F)C(F)(F)C(F)(F)C(F)(F)C(F)(F)C(F)(F)C(F)(F)C(F)(F)C(F)(F)C(F)(F)C(F)(F)C(F)(F)C(F)(F)C(F)(F)C(F)(F)C(F)(F)C(F)(F)F)c1C(=O)NCOC(C)=O,5.4880668196521745,5.759849769310302,6.401147921177702,6.050095747757346,6.427111108024697,6.168591718214575,0.39634999826199313,0.14389586483099448,0.00866770580613524,0.24724431491756715
108,*C1CC(C)(C)CC(C)(CNNC2CC(C)(C)CC(C)(CNNC3CC(C)(C)CC(C)(CNNC4CC(C)(C)CC(C)(CNNC5CC(C)(C)CC(C)(CNNC6CC(C)(C)CC(C)(CNNC7CC(C)(C)CC(C)(CNNC8CC(C)(C)CC(C)(CNNC9CC(C)(C)CC(C)(CNNC%10CC(C)(C)CC(C)(CNNC%11CC(C)(C)CC(C)(CNNC%12CC(C)(C)CC(C)(CNNC%13CC(C)(C)CC(C)(CNNC%14CC(C)(C)CC(C)(CNNC%15CC(C)(C)CC(C)(CNNC%16CC(C)(C)CC(C)(CNNC%17CC(C)(C)CC(C)(CNNC%18CC(C)(C)CC(C)(CNNC%19CC(C)(C)CC(C)(CNNC%20CC(C)(C)CC(C)(CN%21C(=O)c%22ccc%23c%24ccc%25c%26c(cc(C(F)(F)C(F)(F)C(F)(F)C(F)(F)C(F)(F)C(F)(F)C(F)(F)C(F)(F)F)c(c%27ccc(c%22c%23%27)C%21=O)c%26%24)C(=O)N(*)C%25=O)C%20)C%19)C%18)C%17)C%16)C%15)C%14)C%13)C%12)C%11)C%10)C9)C8)C7)C6)C5)C4)C3)C2)C1,7.118566804065156,7.619047633909583,8.457926453624877,8.595692924752258,8.718416827556005,9.467623360016585,0.2705527646911816,0.005491332550471295,0.547764655382458,0.6227810579869648
109,*c1cc(C(C)(C)C)cc2c1C(C)(C)c1c(N=C(O)Nc3cc(C(C)(C)C)cc4c3C(C)(C)c3c(N=C(O)Nc5cc(C(C)(C)C)cc6c5C(C)(C)c5c(NC(O)=Nc7cc(C(C)(C)C)cc8c7C(C)(C)c7c(NC(O)=Nc9cc(C(C)(C)C)cc%10c9C(C)(C)c9c(NC(O)=Nc%11cc(C(C)(C)C)cc%12c%11C(C)(C)c%11c(cc(C(C)(C)C)cc%11N%11C(=O)c%13ccc%14c%15c(C(F)(F)C(F)(F)C(F)(F)C(F)(F)C(F)(F)C(F)(F)C(F)(F)C(F)(F)F)cc%16c%17c(ccc(c%18c(C(F)(F)C(F)(F)C(F)(F)C(F)(F)C(F)(F)C(F)(F)C(F)(F)C(F)(F)F)cc(c%13c%14%18)C%11=O)c%17%15)C(=O)N(*)C%16=O)O%12)cc(C(C)(C)C)cc9O%10)cc(C(C)(C)C)cc7O8)cc(C(C)(C)C)cc5O6)cc(C(C)(C)C)cc3O4)cc(C(C)(C)C)cc1O2,5.448042542823113,5.850027913713989,6.3409797298514174,6.301630478385029,6.631463483911089,6.432911258088873,0.07402739053893614,0.161459992254386,0.032244483989495476,0.17224390811066004
110,*c1cc(C(C)(C)C)cc2c1C(C)(C)c1c(N=C(O)Nc3cc(C(C)(C)C)cc4c3C(C)(C)c3c(N=C(O)Nc5cc(C(C)(C)C)cc6c5C(C)(C)c5c(NC(O)=Nc7cc(C(C)(C)C)cc8c7C(C)(C)c7c(NC(O)=Nc9cc(C(C)(C)C)cc%10c9C(C)(C)c9c(NC(O)=Nc%11cc(C(C)(C)C)cc%12c%11C(C)(C)c%11c(cc(C(C)(C)C)cc%11N%11C(=O)c%13ccc%14c%15c(C(F)(F)C(F)(F)C(F)(F)C(F)(F)C(F)(F)C(F)(F)C(F)(F)C(F)(F)F)cc%16c%17c(cc(C(F)(F)C(F)(F)C(F)(F)C(F)(F)C(F)(F)C(F)(F)C(F)(F)C(F)(F)F)c(c%18ccc(c%13c%14%18)C%11=O)c%17%15)C(=O)N(*)C%16=O)O%12)cc(C(C)(C)C)cc9O%10)cc(C(C)(C)C)cc7O8)cc(C(C)(C)C)cc5O6)cc(C(C)(C)C)cc3O4)cc(C(C)(C)C)cc1O2,5.448042542823113,5.850027913713989,6.3409797298514174,6.301630478385029,6.631463483911089,6.432911258088873,0.07402739053893614,0.161459992254386,0.032244483989495476,0.17224390811066004
111,*N1C(=O)c2c(Br)c(Br)c3c4c(Br)c(Br)c5c6c(c(Br)c(Br)c(c7c(Br)c(Br)c(c2c37)C1=O)c64)C(=O)N(C1(c2nc3ccccc3n2C2CCN(CC3CCCCCC(C4CCC(*)(c6nc7ccccc7n6C6CCN(CC7CCCCCC(C8CC(c9nc%10ccccc%10n9C9CCN(CC%10CCC%11CC%10C%11(C)C)CC9)CN8)C7)CC6)CC4)C3)CC2)CCCC1)C5=O,4.561917757652628,5.109697682955094,5.169307791641368,4.99632066231865,5.728239261654179,5.290405059121476,0.0008651713011926798,0.05805869904060046,0.12157930831942454,0.013534845412804808
